evaluation,drug,group_type,group,n,essential_agreement,under_call_2plus,over_call_2plus,essential_agreement_95ci_low,essential_agreement_95ci_high,under_call_2plus_95ci_low,under_call_2plus_95ci_high,n_exact_reference,n_censored_reference,essential_agreement_exact_only,exact_agreement,exact_agreement_exact_only,bias_exact_only,bootstrap_unit,essential_agreement_exact_only_95ci_low,essential_agreement_exact_only_95ci_high,mean_interval_log_likelihood
results/external/evaluation/65020832/evaluation_predictions_constant_all_sources.json,ceftriaxone,by_reference_class,left_censored,436,1.0,0.0,0.0,,,,,,,,,,,,,,
results/external/evaluation/65020832/evaluation_predictions_constant_all_sources.json,ceftriaxone,by_reference_class,exact,359,0.0,1.0,0.0,,,,,,,,,,,,,,
results/external/evaluation/65020832/evaluation_predictions_constant_all_sources.json,ceftriaxone,by_reference_class,right_censored,710,0.0,1.0,0.0,0.0,0.0,1.0,1.0,,,,,,,,,,
results/external/evaluation/65020832/evaluation_predictions_constant_all_sources.json,ceftriaxone,strata,SLV:ST131,470,0.10212765957446808,0.8978723404255319,0.0,0.07659574468085106,0.12978723404255318,,,87,383,0.0,0.10212765957446808,0.0,-5.413793103448276,isolate (single lineage),0.0,0.0,
results/external/evaluation/65020832/evaluation_predictions_constant_all_sources.json,ceftriaxone,strata,other_lineages,1035,0.3748792270531401,0.6251207729468599,0.0,0.13681568924604678,0.5836977350228629,,,272,763,0.0,0.3748792270531401,0.0,-4.852941176470588,lineage_group,0.0,0.0,
results/external/evaluation/65020832/evaluation_predictions_constant_all_sources.json,ciprofloxacin,by_reference_class,left_censored,602,1.0,0.0,0.0,,,,,,,,,,,,,,
results/external/evaluation/65020832/evaluation_predictions_constant_all_sources.json,ciprofloxacin,by_reference_class,exact,260,0.0,1.0,0.0,,,,,,,,,,,,,,
results/external/evaluation/65020832/evaluation_predictions_constant_all_sources.json,ciprofloxacin,by_reference_class,right_censored,643,0.0,1.0,0.0,0.0,0.0,1.0,1.0,,,,,,,,,,
results/external/evaluation/65020832/evaluation_predictions_constant_all_sources.json,ciprofloxacin,strata,SLV:ST131,470,0.09574468085106383,0.9042553191489362,0.0,0.07021276595744681,0.12340425531914893,,,73,397,0.0,0.09574468085106383,0.0,-5.698630136986301,isolate (single lineage),0.0,0.0,
results/external/evaluation/65020832/evaluation_predictions_constant_all_sources.json,ciprofloxacin,strata,other_lineages,1035,0.5381642512077295,0.4618357487922705,0.0,0.3463726223032513,0.6751181363993016,,,187,848,0.0,0.5381642512077295,0.0,-5.454545454545454,lineage_group,0.0,0.0,
results/external/evaluation/65020832/evaluation_predictions_constant_all_sources.json,gentamicin,by_reference_class,left_censored,1040,1.0,0.0,0.0,,,,,,,,,,,,,,
results/external/evaluation/65020832/evaluation_predictions_constant_all_sources.json,gentamicin,by_reference_class,exact,184,0.7554347826086957,0.24456521739130435,0.0,,,,,,,,,,,,,,
results/external/evaluation/65020832/evaluation_predictions_constant_all_sources.json,gentamicin,by_reference_class,right_censored,281,0.0,1.0,0.0,0.0,0.0,1.0,1.0,,,,,,,,,,
results/external/evaluation/65020832/evaluation_predictions_constant_all_sources.json,gentamicin,strata,SLV:ST131,470,0.7361702127659574,0.26382978723404255,0.0,0.6957446808510638,0.7745212765957444,,,56,414,0.7142857142857143,0.6510638297872341,0.0,-1.375,isolate (single lineage),0.5925736961451247,0.8269230769230769,
results/external/evaluation/65020832/evaluation_predictions_constant_all_sources.json,gentamicin,strata,other_lineages,1035,0.8048309178743961,0.19516908212560385,0.0,0.6882000674763832,0.8984939057761329,,,128,907,0.7734375,0.7091787439613526,0.0,-1.296875,lineage_group,0.6442307692307693,0.8595165289256198,
results/external/evaluation/65020832/evaluation_predictions_constant_human_clinical.json,ceftriaxone,by_reference_class,left_censored,436,1.0,0.0,0.0,,,,,,,,,,,,,,
results/external/evaluation/65020832/evaluation_predictions_constant_human_clinical.json,ceftriaxone,by_reference_class,exact,359,0.0,1.0,0.0,,,,,,,,,,,,,,
results/external/evaluation/65020832/evaluation_predictions_constant_human_clinical.json,ceftriaxone,by_reference_class,right_censored,710,0.0,1.0,0.0,0.0,0.0,1.0,1.0,,,,,,,,,,
results/external/evaluation/65020832/evaluation_predictions_constant_human_clinical.json,ceftriaxone,strata,SLV:ST131,470,0.10212765957446808,0.8978723404255319,0.0,0.07659574468085106,0.12978723404255318,,,87,383,0.0,0.10212765957446808,0.0,-7.413793103448276,isolate (single lineage),0.0,0.0,
results/external/evaluation/65020832/evaluation_predictions_constant_human_clinical.json,ceftriaxone,strata,other_lineages,1035,0.3748792270531401,0.6251207729468599,0.0,0.13681568924604678,0.5836977350228629,,,272,763,0.0,0.3748792270531401,0.0,-6.852941176470588,lineage_group,0.0,0.0,
results/external/evaluation/65020832/evaluation_predictions_constant_human_clinical.json,ciprofloxacin,by_reference_class,left_censored,602,1.0,0.0,0.0,,,,,,,,,,,,,,
results/external/evaluation/65020832/evaluation_predictions_constant_human_clinical.json,ciprofloxacin,by_reference_class,exact,260,0.0,1.0,0.0,,,,,,,,,,,,,,
results/external/evaluation/65020832/evaluation_predictions_constant_human_clinical.json,ciprofloxacin,by_reference_class,right_censored,643,0.0,1.0,0.0,0.0,0.0,1.0,1.0,,,,,,,,,,
results/external/evaluation/65020832/evaluation_predictions_constant_human_clinical.json,ciprofloxacin,strata,SLV:ST131,470,0.09574468085106383,0.9042553191489362,0.0,0.07021276595744681,0.12340425531914893,,,73,397,0.0,0.09574468085106383,0.0,-5.698630136986301,isolate (single lineage),0.0,0.0,
results/external/evaluation/65020832/evaluation_predictions_constant_human_clinical.json,ciprofloxacin,strata,other_lineages,1035,0.5381642512077295,0.4618357487922705,0.0,0.3463726223032513,0.6751181363993016,,,187,848,0.0,0.5381642512077295,0.0,-5.454545454545454,lineage_group,0.0,0.0,
results/external/evaluation/65020832/evaluation_predictions_constant_human_clinical.json,gentamicin,by_reference_class,left_censored,1040,1.0,0.0,0.0,,,,,,,,,,,,,,
results/external/evaluation/65020832/evaluation_predictions_constant_human_clinical.json,gentamicin,by_reference_class,exact,184,0.7554347826086957,0.24456521739130435,0.0,,,,,,,,,,,,,,
results/external/evaluation/65020832/evaluation_predictions_constant_human_clinical.json,gentamicin,by_reference_class,right_censored,281,0.0,1.0,0.0,0.0,0.0,1.0,1.0,,,,,,,,,,
results/external/evaluation/65020832/evaluation_predictions_constant_human_clinical.json,gentamicin,strata,SLV:ST131,470,0.7361702127659574,0.26382978723404255,0.0,0.6957446808510638,0.7745212765957444,,,56,414,0.7142857142857143,0.6510638297872341,0.0,-1.375,isolate (single lineage),0.5925736961451247,0.8269230769230769,
results/external/evaluation/65020832/evaluation_predictions_constant_human_clinical.json,gentamicin,strata,other_lineages,1035,0.8048309178743961,0.19516908212560385,0.0,0.6882000674763832,0.8984939057761329,,,128,907,0.7734375,0.7091787439613526,0.0,-1.296875,lineage_group,0.6442307692307693,0.8595165289256198,
results/external/evaluation/65020832/evaluation_predictions_neighbor_all_sources.json,ceftriaxone,by_reference_class,left_censored,436,0.9243119266055045,0.0,0.07568807339449542,,,,,,,,,,,,,,
results/external/evaluation/65020832/evaluation_predictions_neighbor_all_sources.json,ceftriaxone,by_reference_class,exact,359,0.34540389972144847,0.5069637883008357,0.14763231197771587,,,,,,,,,,,,,,
results/external/evaluation/65020832/evaluation_predictions_neighbor_all_sources.json,ceftriaxone,by_reference_class,right_censored,710,0.3380281690140845,0.6619718309859155,0.0,0.19172332426811708,0.3823192618612999,0.6176807381387002,0.8082766757318829,,,,,,,,,,
results/external/evaluation/65020832/evaluation_predictions_neighbor_all_sources.json,ceftriaxone,strata,SLV:ST131,470,0.4276595744680851,0.5191489361702127,0.05319148936170213,0.3829787234042553,0.4702127659574468,,,87,383,0.39080459770114945,0.04893617021276596,0.20689655172413793,-1.7701149425287357,isolate (single lineage),0.2891499330655957,0.4945054945054945,
results/external/evaluation/65020832/evaluation_predictions_neighbor_all_sources.json,ceftriaxone,strata,other_lineages,1035,0.5468599033816425,0.39420289855072466,0.05893719806763285,0.3609610596105961,0.6985579517875901,,,272,763,0.33088235294117646,0.08792270531400966,0.16544117647058823,-1.6176470588235294,lineage_group,0.20883423805110551,0.43079842931937157,
results/external/evaluation/65020832/evaluation_predictions_neighbor_all_sources.json,ciprofloxacin,by_reference_class,left_censored,602,0.9451827242524917,0.0,0.054817275747508304,,,,,,,,,,,,,,
results/external/evaluation/65020832/evaluation_predictions_neighbor_all_sources.json,ciprofloxacin,by_reference_class,exact,260,0.6653846153846154,0.31153846153846154,0.023076923076923078,,,,,,,,,,,,,,
results/external/evaluation/65020832/evaluation_predictions_neighbor_all_sources.json,ciprofloxacin,by_reference_class,right_censored,643,0.8273716951788491,0.17262830482115085,0.0,0.6457986111111111,0.8878720269052077,0.11212797309479232,0.3542013888888887,,,,,,,,,,
results/external/evaluation/65020832/evaluation_predictions_neighbor_all_sources.json,ciprofloxacin,strata,SLV:ST131,470,0.8553191489361702,0.13404255319148936,0.010638297872340425,0.823404255319149,0.8872340425531915,,,73,397,0.5205479452054794,0.2680851063829787,0.1780821917808219,-1.7123287671232876,isolate (single lineage),0.4062288851351351,0.6377029858564692,
results/external/evaluation/65020832/evaluation_predictions_neighbor_all_sources.json,ciprofloxacin,strata,other_lineages,1035,0.842512077294686,0.1246376811594203,0.03285024154589372,0.7619956583953016,0.8995536227599008,,,187,848,0.7219251336898396,0.39420289855072466,0.5454545454545454,-1.2887700534759359,lineage_group,0.42857142857142855,0.821950400143335,
results/external/evaluation/65020832/evaluation_predictions_neighbor_all_sources.json,gentamicin,by_reference_class,left_censored,1040,0.8759615384615385,0.0,0.12403846153846154,,,,,,,,,,,,,,
results/external/evaluation/65020832/evaluation_predictions_neighbor_all_sources.json,gentamicin,by_reference_class,exact,184,0.5815217391304348,0.29891304347826086,0.11956521739130435,,,,,,,,,,,,,,
results/external/evaluation/65020832/evaluation_predictions_neighbor_all_sources.json,gentamicin,by_reference_class,right_censored,281,0.2775800711743772,0.7224199288256228,0.0,0.11219612845138055,0.36659126063418407,0.633408739365816,0.8878038715486192,,,,,,,,,,
results/external/evaluation/65020832/evaluation_predictions_neighbor_all_sources.json,gentamicin,strata,SLV:ST131,470,0.6404255319148936,0.1851063829787234,0.17446808510638298,0.597872340425532,0.6851063829787234,,,56,414,0.5714285714285714,0.35106382978723405,0.32142857142857145,-0.16071428571428573,isolate (single lineage),0.4347621000820344,0.7037037037037037,
results/external/evaluation/65020832/evaluation_predictions_neighbor_all_sources.json,gentamicin,strata,other_lineages,1035,0.7681159420289855,0.16521739130434782,0.06666666666666667,0.6458165322580646,0.8663936011506299,,,128,907,0.5859375,0.3826086956521739,0.4296875,-0.6328125,lineage_group,0.38383544749823817,0.7157947368421053,
results/external/evaluation/65020832/evaluation_predictions_neighbor_human_clinical.json,ceftriaxone,by_reference_class,left_censored,436,0.9197247706422018,0.0,0.08027522935779817,,,,,,,,,,,,,,
results/external/evaluation/65020832/evaluation_predictions_neighbor_human_clinical.json,ceftriaxone,by_reference_class,exact,359,0.38997214484679665,0.4401114206128134,0.16991643454038996,,,,,,,,,,,,,,
results/external/evaluation/65020832/evaluation_predictions_neighbor_human_clinical.json,ceftriaxone,by_reference_class,right_censored,710,0.3591549295774648,0.6408450704225352,0.0,0.23969864857867756,0.41494439566871516,0.5850556043312848,0.7603013514213224,,,,,,,,,,
results/external/evaluation/65020832/evaluation_predictions_neighbor_human_clinical.json,ceftriaxone,strata,SLV:ST131,470,0.425531914893617,0.5191489361702127,0.05531914893617021,0.37872340425531914,0.4702127659574468,,,87,383,0.40229885057471265,0.04468085106382979,0.20689655172413793,-1.5172413793103448,isolate (single lineage),0.2988505747126437,0.506333223738287,
results/external/evaluation/65020832/evaluation_predictions_neighbor_human_clinical.json,ceftriaxone,strata,other_lineages,1035,0.5758454106280193,0.3565217391304348,0.06763285024154589,0.4017184409665492,0.7222687400318977,,,272,763,0.3860294117647059,0.06570048309178744,0.20220588235294118,-1.0294117647058822,lineage_group,0.2990183444511825,0.47015539080911234,
results/external/evaluation/65020832/evaluation_predictions_neighbor_human_clinical.json,ciprofloxacin,by_reference_class,left_censored,602,0.9102990033222591,0.0,0.08970099667774087,,,,,,,,,,,,,,
results/external/evaluation/65020832/evaluation_predictions_neighbor_human_clinical.json,ciprofloxacin,by_reference_class,exact,260,0.7461538461538462,0.22692307692307692,0.026923076923076925,,,,,,,,,,,,,,
results/external/evaluation/65020832/evaluation_predictions_neighbor_human_clinical.json,ciprofloxacin,by_reference_class,right_censored,643,0.833592534992224,0.16640746500777606,0.0,0.6625887831680515,0.8911461127652343,0.1088538872347658,0.33741121683194847,,,,,,,,,,
results/external/evaluation/65020832/evaluation_predictions_neighbor_human_clinical.json,ciprofloxacin,strata,SLV:ST131,470,0.8680851063829788,0.12127659574468085,0.010638297872340425,0.8361702127659575,0.8978723404255319,,,73,397,0.6027397260273972,0.2276595744680851,0.2191780821917808,-1.2602739726027397,isolate (single lineage),0.484375,0.7123287671232876,
results/external/evaluation/65020832/evaluation_predictions_neighbor_human_clinical.json,ciprofloxacin,strata,other_lineages,1035,0.8405797101449275,0.10531400966183575,0.05410628019323672,0.7542269632097193,0.9015304336740606,,,187,848,0.8021390374331551,0.30628019323671496,0.5989304812834224,-0.7486631016042781,lineage_group,0.5918295487208968,0.8770071242027466,
results/external/evaluation/65020832/evaluation_predictions_neighbor_human_clinical.json,gentamicin,by_reference_class,left_censored,1040,0.8778846153846154,0.0,0.12211538461538461,,,,,,,,,,,,,,
results/external/evaluation/65020832/evaluation_predictions_neighbor_human_clinical.json,gentamicin,by_reference_class,exact,184,0.7608695652173914,0.14673913043478262,0.09239130434782608,,,,,,,,,,,,,,
results/external/evaluation/65020832/evaluation_predictions_neighbor_human_clinical.json,gentamicin,by_reference_class,right_censored,281,0.28113879003558717,0.7188612099644128,0.0,0.13510321344967016,0.34729008263223404,0.652709917367766,0.8648967865503298,,,,,,,,,,
results/external/evaluation/65020832/evaluation_predictions_neighbor_human_clinical.json,gentamicin,strata,SLV:ST131,470,0.6446808510638298,0.18085106382978725,0.17446808510638298,0.6021276595744681,0.6914893617021277,,,56,414,0.6071428571428571,0.3446808510638298,0.3392857142857143,-0.21428571428571427,isolate (single lineage),0.4745762711864407,0.74,
results/external/evaluation/65020832/evaluation_predictions_neighbor_human_clinical.json,gentamicin,strata,other_lineages,1035,0.8009661835748793,0.1391304347826087,0.05990338164251208,0.6919561088076257,0.894535405081528,,,128,907,0.828125,0.2743961352657005,0.5703125,-0.3515625,lineage_group,0.7111044176706828,0.9116283739609602,
results/external/evaluation/65020832/evaluation_predictions_ridge_censored_amr_all_sources.json,ceftriaxone,by_reference_class,left_censored,436,0.9197247706422018,0.0,0.08027522935779817,,,,,,,,,,,,,,
results/external/evaluation/65020832/evaluation_predictions_ridge_censored_amr_all_sources.json,ceftriaxone,by_reference_class,exact,359,0.362116991643454,0.3426183844011142,0.29526462395543174,,,,,,,,,,,,,,
results/external/evaluation/65020832/evaluation_predictions_ridge_censored_amr_all_sources.json,ceftriaxone,by_reference_class,right_censored,710,0.7464788732394366,0.2535211267605634,0.0,0.5316589300284473,0.8163971885596242,0.1836028114403758,0.46834106997155234,,,,,,,,,,
results/external/evaluation/65020832/evaluation_predictions_ridge_censored_amr_all_sources.json,ceftriaxone,strata,SLV:ST131,470,0.7425531914893617,0.12340425531914893,0.13404255319148936,0.7042553191489361,0.7787234042553192,,,87,383,0.2988505747126437,0.6574468085106383,0.09195402298850575,1.2758620689655173,isolate (single lineage),0.2,0.39743975903614454,-1.5358461911941905
results/external/evaluation/65020832/evaluation_predictions_ridge_censored_amr_all_sources.json,ceftriaxone,strata,other_lineages,1035,0.6879227053140097,0.23671497584541062,0.07536231884057971,0.5711682226972721,0.7639646331234613,,,272,763,0.38235294117647056,0.5710144927536231,0.16176470588235295,-1.1102941176470589,lineage_group,0.2603302505575233,0.5033893387662471,-2.0450393569865573
results/external/evaluation/65020832/evaluation_predictions_ridge_censored_amr_all_sources.json,ciprofloxacin,by_reference_class,left_censored,602,0.9900332225913622,0.0,0.009966777408637873,,,,,,,,,,,,,,
results/external/evaluation/65020832/evaluation_predictions_ridge_censored_amr_all_sources.json,ciprofloxacin,by_reference_class,exact,260,0.6923076923076923,0.24615384615384617,0.06153846153846154,,,,,,,,,,,,,,
results/external/evaluation/65020832/evaluation_predictions_ridge_censored_amr_all_sources.json,ciprofloxacin,by_reference_class,right_censored,643,0.9875583203732504,0.012441679626749611,0.0,0.9589005790142635,0.9956415564973625,0.004358443502637428,0.041099420985736455,,,,,,,,,,
results/external/evaluation/65020832/evaluation_predictions_ridge_censored_amr_all_sources.json,ciprofloxacin,strata,SLV:ST131,470,0.9702127659574468,0.02553191489361702,0.00425531914893617,0.9531914893617022,0.9829787234042553,,,73,397,0.863013698630137,0.851063829787234,0.273972602739726,-0.7534246575342466,isolate (single lineage),0.7804878048780488,0.9354942100909842,-0.4177182443353993
results/external/evaluation/65020832/evaluation_predictions_ridge_censored_amr_all_sources.json,ciprofloxacin,strata,other_lineages,1035,0.9227053140096618,0.057971014492753624,0.01932367149758454,0.8783209459459459,0.9511403344937027,,,187,848,0.6256684491978609,0.7632850241545893,0.39572192513368987,-0.9251336898395722,lineage_group,0.2832172131147541,0.8096544493568401,-0.638919358963394
results/external/evaluation/65020832/evaluation_predictions_ridge_censored_amr_all_sources.json,gentamicin,by_reference_class,left_censored,1040,0.9932692307692308,0.0,0.006730769230769231,,,,,,,,,,,,,,
results/external/evaluation/65020832/evaluation_predictions_ridge_censored_amr_all_sources.json,gentamicin,by_reference_class,exact,184,0.21739130434782608,0.7771739130434783,0.005434782608695652,,,,,,,,,,,,,,
results/external/evaluation/65020832/evaluation_predictions_ridge_censored_amr_all_sources.json,gentamicin,by_reference_class,right_censored,281,0.9466192170818505,0.05338078291814947,0.0,0.9032100963552576,0.9770642201834863,0.022935779816513763,0.09678990364474227,,,,,,,,,,
results/external/evaluation/65020832/evaluation_predictions_ridge_censored_amr_all_sources.json,gentamicin,strata,SLV:ST131,470,0.8914893617021277,0.09787234042553192,0.010638297872340425,0.8638297872340426,0.9191489361702128,,,56,414,0.2857142857142857,0.8468085106382979,0.017857142857142856,-1.7142857142857142,isolate (single lineage),0.17644478844169248,0.40816326530612246,-0.6663159078829657
results/external/evaluation/65020832/evaluation_predictions_ridge_censored_amr_all_sources.json,gentamicin,strata,other_lineages,1035,0.8888888888888888,0.10821256038647344,0.002898550724637681,0.863379523718743,0.9090909090909091,,,128,907,0.1875,0.8618357487922705,0.03125,-2.0,lineage_group,0.11267039990949715,0.301267291387773,-0.5437492537080643
results/external/evaluation/65020832/evaluation_predictions_ridge_censored_amr_evo2_all_sources.json,ceftriaxone,by_reference_class,left_censored,436,0.926605504587156,0.0,0.07339449541284404,,,,,,,,,,,,,,
results/external/evaluation/65020832/evaluation_predictions_ridge_censored_amr_evo2_all_sources.json,ceftriaxone,by_reference_class,exact,359,0.4428969359331476,0.3342618384401114,0.22284122562674094,,,,,,,,,,,,,,
results/external/evaluation/65020832/evaluation_predictions_ridge_censored_amr_evo2_all_sources.json,ceftriaxone,by_reference_class,right_censored,710,0.6929577464788732,0.30704225352112674,0.0,0.4429019466474405,0.7735882204749467,0.22641177952505337,0.5570980533525594,,,,,,,,,,
results/external/evaluation/65020832/evaluation_predictions_ridge_censored_amr_evo2_all_sources.json,ceftriaxone,strata,SLV:ST131,470,0.7531914893617021,0.1574468085106383,0.08936170212765958,0.7148936170212766,0.7914893617021277,,,87,383,0.47126436781609193,0.5106382978723404,0.1724137931034483,0.5402298850574713,isolate (single lineage),0.36780436312456016,0.576957831325301,-1.412998511150521
results/external/evaluation/65020832/evaluation_predictions_ridge_censored_amr_evo2_all_sources.json,ceftriaxone,strata,other_lineages,1035,0.6772946859903382,0.25507246376811593,0.06763285024154589,0.5520945441149636,0.7589698401944337,,,272,763,0.4338235294117647,0.5391304347826087,0.15441176470588236,-1.1985294117647058,lineage_group,0.3145421264046372,0.5483904995236151,-1.8583055766980685
results/external/evaluation/65020832/evaluation_predictions_ridge_censored_amr_evo2_all_sources.json,ciprofloxacin,by_reference_class,left_censored,602,0.946843853820598,0.0,0.053156146179401995,,,,,,,,,,,,,,
results/external/evaluation/65020832/evaluation_predictions_ridge_censored_amr_evo2_all_sources.json,ciprofloxacin,by_reference_class,exact,260,0.7730769230769231,0.15384615384615385,0.07307692307692308,,,,,,,,,,,,,,
results/external/evaluation/65020832/evaluation_predictions_ridge_censored_amr_evo2_all_sources.json,ciprofloxacin,by_reference_class,right_censored,643,0.9922239502332815,0.007776049766718507,0.0,0.9742245822964806,0.9975032765705384,0.002496723429461616,0.02577541770351936,,,,,,,,,,
results/external/evaluation/65020832/evaluation_predictions_ridge_censored_amr_evo2_all_sources.json,ciprofloxacin,strata,SLV:ST131,470,0.9617021276595744,0.02127659574468085,0.01702127659574468,0.9425531914893617,0.9765957446808511,,,73,397,0.8767123287671232,0.8531914893617021,0.4246575342465753,-0.4657534246575342,isolate (single lineage),0.7968683792372881,0.9473684210526315,-0.39335036714033494
results/external/evaluation/65020832/evaluation_predictions_ridge_censored_amr_evo2_all_sources.json,ciprofloxacin,strata,other_lineages,1035,0.9246376811594202,0.033816425120772944,0.04154589371980676,0.902689603785626,0.9447934583606848,,,187,848,0.732620320855615,0.7458937198067633,0.45454545454545453,-0.41711229946524064,lineage_group,0.49071180555555555,0.8636404366243076,-0.6488490595861486
results/external/evaluation/65020832/evaluation_predictions_ridge_censored_amr_evo2_all_sources.json,gentamicin,by_reference_class,left_censored,1040,0.9932692307692308,0.0,0.006730769230769231,,,,,,,,,,,,,,
results/external/evaluation/65020832/evaluation_predictions_ridge_censored_amr_evo2_all_sources.json,gentamicin,by_reference_class,exact,184,0.21739130434782608,0.7771739130434783,0.005434782608695652,,,,,,,,,,,,,,
results/external/evaluation/65020832/evaluation_predictions_ridge_censored_amr_evo2_all_sources.json,gentamicin,by_reference_class,right_censored,281,0.9430604982206405,0.05693950177935943,0.0,0.8895923520923521,0.9766435893018649,0.023356410698135148,0.1104076479076478,,,,,,,,,,
results/external/evaluation/65020832/evaluation_predictions_ridge_censored_amr_evo2_all_sources.json,gentamicin,strata,SLV:ST131,470,0.8914893617021277,0.09787234042553192,0.010638297872340425,0.8638297872340426,0.9191489361702128,,,56,414,0.2857142857142857,0.8595744680851064,0.017857142857142856,-1.7321428571428572,isolate (single lineage),0.17644478844169248,0.40816326530612246,-0.6347175599634615
results/external/evaluation/65020832/evaluation_predictions_ridge_censored_amr_evo2_all_sources.json,gentamicin,strata,other_lineages,1035,0.8879227053140096,0.10917874396135266,0.002898550724637681,0.862109239576681,0.9070255935192957,,,128,907,0.1875,0.8618357487922705,0.0390625,-2.0234375,lineage_group,0.11193784367635506,0.29825216025137463,-0.5385223946587336
results/external/evaluation/65020832/evaluation_predictions_ridge_censored_amr_evo2_human_clinical.json,ceftriaxone,by_reference_class,left_censored,436,0.9334862385321101,0.0,0.06651376146788991,,,,,,,,,,,,,,
results/external/evaluation/65020832/evaluation_predictions_ridge_censored_amr_evo2_human_clinical.json,ceftriaxone,by_reference_class,exact,359,0.3147632311977716,0.4735376044568245,0.2116991643454039,,,,,,,,,,,,,,
results/external/evaluation/65020832/evaluation_predictions_ridge_censored_amr_evo2_human_clinical.json,ceftriaxone,by_reference_class,right_censored,710,0.7183098591549296,0.28169014084507044,0.0,0.4892159090909091,0.7881283739517819,0.21187162604821805,0.5107840909090908,,,,,,,,,,
results/external/evaluation/65020832/evaluation_predictions_ridge_censored_amr_evo2_human_clinical.json,ceftriaxone,strata,SLV:ST131,470,0.7425531914893617,0.1723404255319149,0.0851063829787234,0.7042553191489361,0.7808510638297872,,,87,383,0.42528735632183906,0.6063829787234043,0.21839080459770116,-0.3793103448275862,isolate (single lineage),0.32529367469879517,0.5340909090909091,-1.249667353117735
results/external/evaluation/65020832/evaluation_predictions_ridge_censored_amr_evo2_human_clinical.json,ceftriaxone,strata,other_lineages,1035,0.6579710144927536,0.2792270531400966,0.06280193236714976,0.5103441806301352,0.752528466574159,,,272,763,0.27941176470588236,0.578743961352657,0.13602941176470587,-2.0220588235294117,lineage_group,0.17073170731707318,0.39437005595215124,-1.4844179138250548
results/external/evaluation/65020832/evaluation_predictions_ridge_censored_amr_evo2_human_clinical.json,ciprofloxacin,by_reference_class,left_censored,602,0.925249169435216,0.0,0.07475083056478406,,,,,,,,,,,,,,
results/external/evaluation/65020832/evaluation_predictions_ridge_censored_amr_evo2_human_clinical.json,ciprofloxacin,by_reference_class,exact,260,0.6615384615384615,0.2,0.13846153846153847,,,,,,,,,,,,,,
results/external/evaluation/65020832/evaluation_predictions_ridge_censored_amr_evo2_human_clinical.json,ciprofloxacin,by_reference_class,right_censored,643,0.9922239502332815,0.007776049766718507,0.0,0.9742245822964806,0.9975032765705384,0.002496723429461616,0.02577541770351936,,,,,,,,,,
results/external/evaluation/65020832/evaluation_predictions_ridge_censored_amr_evo2_human_clinical.json,ciprofloxacin,strata,SLV:ST131,470,0.9382978723404255,0.029787234042553193,0.031914893617021274,0.9170212765957447,0.9595744680851064,,,73,397,0.726027397260274,0.8212765957446808,0.273972602739726,-0.4246575342465753,isolate (single lineage),0.6166609589041097,0.8235294117647058,-0.41954424591021416
results/external/evaluation/65020832/evaluation_predictions_ridge_censored_amr_evo2_human_clinical.json,ciprofloxacin,strata,other_lineages,1035,0.8946859903381642,0.04154589371980676,0.06376811594202898,0.8532840483184132,0.9237179719057093,,,187,848,0.6363636363636364,0.778743961352657,0.1497326203208556,-0.6577540106951871,lineage_group,0.3974358974358974,0.7704116578138105,-0.6979701744656301
results/external/evaluation/65020832/evaluation_predictions_ridge_censored_amr_evo2_human_clinical.json,gentamicin,by_reference_class,left_censored,1040,0.9884615384615385,0.0,0.011538461538461539,,,,,,,,,,,,,,
results/external/evaluation/65020832/evaluation_predictions_ridge_censored_amr_evo2_human_clinical.json,gentamicin,by_reference_class,exact,184,0.08695652173913043,0.9130434782608695,0.0,,,,,,,,,,,,,,
results/external/evaluation/65020832/evaluation_predictions_ridge_censored_amr_evo2_human_clinical.json,gentamicin,by_reference_class,right_censored,281,0.8612099644128114,0.1387900355871886,0.0,0.700911214953271,0.9122198447580127,0.0877801552419873,0.2990887850467288,,,,,,,,,,
results/external/evaluation/65020832/evaluation_predictions_ridge_censored_amr_evo2_human_clinical.json,gentamicin,strata,SLV:ST131,470,0.874468085106383,0.1148936170212766,0.010638297872340425,0.8446808510638298,0.9042553191489362,,,56,414,0.16071428571428573,0.8574468085106383,0.05357142857142857,-2.607142857142857,isolate (single lineage),0.07315964523281596,0.26,-0.5320764700494772
results/external/evaluation/65020832/evaluation_predictions_ridge_censored_amr_evo2_human_clinical.json,gentamicin,strata,other_lineages,1035,0.8454106280193237,0.14782608695652175,0.00676328502415459,0.7918699506684779,0.872115892431804,,,128,907,0.0546875,0.821256038647343,0.0078125,-2.8671875,lineage_group,0.02112490733876946,0.10281300993917811,-0.6172893395099827
results/external/evaluation/65020832/evaluation_predictions_ridge_censored_amr_human_clinical.json,ceftriaxone,by_reference_class,left_censored,436,0.9426605504587156,0.0,0.05733944954128441,,,,,,,,,,,,,,
results/external/evaluation/65020832/evaluation_predictions_ridge_censored_amr_human_clinical.json,ceftriaxone,by_reference_class,exact,359,0.23676880222841226,0.4428969359331476,0.3203342618384401,,,,,,,,,,,,,,
results/external/evaluation/65020832/evaluation_predictions_ridge_censored_amr_human_clinical.json,ceftriaxone,by_reference_class,right_censored,710,0.7422535211267606,0.2577464788732394,0.0,0.5199844961240311,0.8191829502186867,0.18081704978131324,0.4800155038759689,,,,,,,,,,
results/external/evaluation/65020832/evaluation_predictions_ridge_censored_amr_human_clinical.json,ceftriaxone,strata,SLV:ST131,470,0.7446808510638298,0.125531914893617,0.12978723404255318,0.7063829787234043,0.7829787234042553,,,87,383,0.2413793103448276,0.6978723404255319,0.011494252873563218,0.6896551724137931,isolate (single lineage),0.1546193497224425,0.3409090909090909,-1.2771168357103968
results/external/evaluation/65020832/evaluation_predictions_ridge_censored_amr_human_clinical.json,ceftriaxone,strata,other_lineages,1035,0.6502415458937199,0.27342995169082124,0.07632850241545894,0.5138825757575757,0.7391853118597302,,,272,763,0.23529411764705882,0.5864734299516908,0.09926470588235294,-1.9926470588235294,lineage_group,0.12093374683944375,0.3661203481945467,-1.605162031774332
results/external/evaluation/65020832/evaluation_predictions_ridge_censored_amr_human_clinical.json,ciprofloxacin,by_reference_class,left_censored,602,0.9800664451827242,0.0,0.019933554817275746,,,,,,,,,,,,,,
results/external/evaluation/65020832/evaluation_predictions_ridge_censored_amr_human_clinical.json,ciprofloxacin,by_reference_class,exact,260,0.6807692307692308,0.27307692307692305,0.046153846153846156,,,,,,,,,,,,,,
results/external/evaluation/65020832/evaluation_predictions_ridge_censored_amr_human_clinical.json,ciprofloxacin,by_reference_class,right_censored,643,0.9875583203732504,0.012441679626749611,0.0,0.9742245822964806,0.9974424552429667,0.0025575447570332483,0.02577541770351936,,,,,,,,,,
results/external/evaluation/65020832/evaluation_predictions_ridge_censored_amr_human_clinical.json,ciprofloxacin,strata,SLV:ST131,470,0.9446808510638298,0.04680851063829787,0.00851063829787234,0.9234042553191489,0.9638297872340426,,,73,397,0.7534246575342466,0.8319148936170213,0.2191780821917808,-1.0410958904109588,isolate (single lineage),0.6533194444444445,0.8472281073446327,-0.4188206782878583
results/external/evaluation/65020832/evaluation_predictions_ridge_censored_amr_human_clinical.json,ciprofloxacin,strata,other_lineages,1035,0.9256038647342996,0.05507246376811594,0.01932367149758454,0.8847619217424187,0.9525797017427042,,,187,848,0.6524064171122995,0.81256038647343,0.0748663101604278,-1.0695187165775402,lineage_group,0.3947169059011164,0.7870036101083032,-0.5690765173524723
results/external/evaluation/65020832/evaluation_predictions_ridge_censored_amr_human_clinical.json,gentamicin,by_reference_class,left_censored,1040,0.9865384615384616,0.0,0.013461538461538462,,,,,,,,,,,,,,
results/external/evaluation/65020832/evaluation_predictions_ridge_censored_amr_human_clinical.json,gentamicin,by_reference_class,exact,184,0.2391304347826087,0.7608695652173914,0.0,,,,,,,,,,,,,,
results/external/evaluation/65020832/evaluation_predictions_ridge_censored_amr_human_clinical.json,gentamicin,by_reference_class,right_censored,281,0.9430604982206405,0.05693950177935943,0.0,0.8654942645074224,0.9687012956044829,0.03129870439551705,0.13450573549257758,,,,,,,,,,
results/external/evaluation/65020832/evaluation_predictions_ridge_censored_amr_human_clinical.json,gentamicin,strata,SLV:ST131,470,0.8893617021276595,0.1,0.010638297872340425,0.8617021276595744,0.9170212765957447,,,56,414,0.19642857142857142,0.851063829787234,0.07142857142857142,-2.5892857142857144,isolate (single lineage),0.0952156334231806,0.3115010245901638,-0.5702827625773627
results/external/evaluation/65020832/evaluation_predictions_ridge_censored_amr_human_clinical.json,gentamicin,strata,other_lineages,1035,0.8859903381642512,0.10531400966183575,0.008695652173913044,0.8247088626739262,0.9214339779595961,,,128,907,0.2578125,0.8299516908212561,0.046875,-2.5859375,lineage_group,0.06059693318729464,0.44057029926595137,-0.6554172575454142
results/external/evaluation/65020832/evaluation_predictions_ridge_censored_evo2_all_sources.json,ceftriaxone,by_reference_class,left_censored,436,0.9288990825688074,0.0,0.07110091743119266,,,,,,,,,,,,,,
results/external/evaluation/65020832/evaluation_predictions_ridge_censored_evo2_all_sources.json,ceftriaxone,by_reference_class,exact,359,0.2200557103064067,0.7158774373259053,0.06406685236768803,,,,,,,,,,,,,,
results/external/evaluation/65020832/evaluation_predictions_ridge_censored_evo2_all_sources.json,ceftriaxone,by_reference_class,right_censored,710,0.6464788732394366,0.35352112676056335,0.0,0.42464940449575217,0.7146865410245282,0.2853134589754718,0.5753505955042477,,,,,,,,,,
results/external/evaluation/65020832/evaluation_predictions_ridge_censored_evo2_all_sources.json,ceftriaxone,strata,SLV:ST131,470,0.6553191489361702,0.2851063829787234,0.059574468085106386,0.6106382978723405,0.6978723404255319,,,87,383,0.28735632183908044,0.5042553191489362,0.06896551724137931,-2.0919540229885056,isolate (single lineage),0.19694741532976826,0.38356562599553995,-1.0199610949531586
results/external/evaluation/65020832/evaluation_predictions_ridge_censored_evo2_all_sources.json,ceftriaxone,strata,other_lineages,1035,0.6135265700483091,0.36135265700483093,0.025120772946859903,0.4798562318544104,0.7023320547296044,,,272,763,0.19852941176470587,0.5420289855072464,0.08823529411764706,-4.356617647058823,lineage_group,0.1412190655011081,0.2650015060240964,-1.3617248364865446
results/external/evaluation/65020832/evaluation_predictions_ridge_censored_evo2_all_sources.json,ciprofloxacin,by_reference_class,left_censored,602,0.946843853820598,0.0,0.053156146179401995,,,,,,,,,,,,,,
results/external/evaluation/65020832/evaluation_predictions_ridge_censored_evo2_all_sources.json,ciprofloxacin,by_reference_class,exact,260,0.5884615384615385,0.25769230769230766,0.15384615384615385,,,,,,,,,,,,,,
results/external/evaluation/65020832/evaluation_predictions_ridge_censored_evo2_all_sources.json,ciprofloxacin,by_reference_class,right_censored,643,0.9828926905132193,0.017107309486780714,0.0,0.9327683882541781,0.9949343147254955,0.005065685274504478,0.0672316117458219,,,,,,,,,,
results/external/evaluation/65020832/evaluation_predictions_ridge_censored_evo2_all_sources.json,ciprofloxacin,strata,SLV:ST131,470,0.9212765957446809,0.031914893617021274,0.04680851063829787,0.8957446808510638,0.9446808510638298,,,73,397,0.589041095890411,0.8212765957446808,0.1095890410958904,-0.2054794520547945,isolate (single lineage),0.47190481238075044,0.7,-0.4374440793728104
results/external/evaluation/65020832/evaluation_predictions_ridge_censored_evo2_all_sources.json,ciprofloxacin,strata,other_lineages,1035,0.8908212560386474,0.06086956521739131,0.04830917874396135,0.8520989216549295,0.9243288399785924,,,187,848,0.5882352941176471,0.7140096618357488,0.33689839572192515,-0.5454545454545454,lineage_group,0.3333333333333333,0.780955934612651,-0.6831487638193244
results/external/evaluation/65020832/evaluation_predictions_ridge_censored_evo2_all_sources.json,gentamicin,by_reference_class,left_censored,1040,0.9865384615384616,0.0,0.013461538461538462,,,,,,,,,,,,,,
results/external/evaluation/65020832/evaluation_predictions_ridge_censored_evo2_all_sources.json,gentamicin,by_reference_class,exact,184,0.17391304347826086,0.8206521739130435,0.005434782608695652,,,,,,,,,,,,,,
results/external/evaluation/65020832/evaluation_predictions_ridge_censored_evo2_all_sources.json,gentamicin,by_reference_class,right_censored,281,0.608540925266904,0.3914590747330961,0.0,0.4558625396266291,0.6823902745161551,0.3176097254838448,0.5441374603733707,,,,,,,,,,
results/external/evaluation/65020832/evaluation_predictions_ridge_censored_evo2_all_sources.json,gentamicin,strata,SLV:ST131,470,0.823404255319149,0.16808510638297872,0.00851063829787234,0.7893617021276595,0.8574468085106383,,,56,414,0.16071428571428573,0.7212765957446808,0.017857142857142856,-2.142857142857143,isolate (single lineage),0.07547169811320754,0.25862068965517243,-0.6850513833337406
results/external/evaluation/65020832/evaluation_predictions_ridge_censored_evo2_all_sources.json,gentamicin,strata,other_lineages,1035,0.8135265700483092,0.1758454106280193,0.010628019323671498,0.7553358443583682,0.8537226875201522,,,128,907,0.1796875,0.7371980676328502,0.0234375,-2.0703125,lineage_group,0.10852713178294573,0.27631578947368424,-0.6889538337556526
results/external/evaluation/65020832/evaluation_predictions_ridge_censored_evo2_human_clinical.json,ceftriaxone,by_reference_class,left_censored,436,0.9357798165137615,0.0,0.06422018348623854,,,,,,,,,,,,,,
results/external/evaluation/65020832/evaluation_predictions_ridge_censored_evo2_human_clinical.json,ceftriaxone,by_reference_class,exact,359,0.21727019498607242,0.6740947075208914,0.10863509749303621,,,,,,,,,,,,,,
results/external/evaluation/65020832/evaluation_predictions_ridge_censored_evo2_human_clinical.json,ceftriaxone,by_reference_class,right_censored,710,0.543661971830986,0.4563380281690141,0.0,0.36523587373561217,0.6171613549593273,0.38283864504067266,0.6347641262643877,,,,,,,,,,
results/external/evaluation/65020832/evaluation_predictions_ridge_censored_evo2_human_clinical.json,ceftriaxone,strata,SLV:ST131,470,0.5382978723404256,0.4085106382978723,0.05319148936170213,0.49361702127659574,0.5829787234042553,,,87,383,0.27586206896551724,0.4021276595744681,0.11494252873563218,-1.9195402298850575,isolate (single lineage),0.18181818181818182,0.37349397590361444,-1.1346466839611473
results/external/evaluation/65020832/evaluation_predictions_ridge_censored_evo2_human_clinical.json,ceftriaxone,strata,other_lineages,1035,0.5980676328502416,0.36135265700483093,0.04057971014492753,0.43759507032809564,0.6929566154374283,,,272,763,0.19852941176470587,0.5217391304347826,0.06985294117647059,-4.150735294117647,lineage_group,0.12860655219302408,0.27093587912500927,-1.3543093488553997
results/external/evaluation/65020832/evaluation_predictions_ridge_censored_evo2_human_clinical.json,ciprofloxacin,by_reference_class,left_censored,602,0.9568106312292359,0.0,0.04318936877076412,,,,,,,,,,,,,,
results/external/evaluation/65020832/evaluation_predictions_ridge_censored_evo2_human_clinical.json,ciprofloxacin,by_reference_class,exact,260,0.41923076923076924,0.47692307692307695,0.10384615384615385,,,,,,,,,,,,,,
results/external/evaluation/65020832/evaluation_predictions_ridge_censored_evo2_human_clinical.json,ciprofloxacin,by_reference_class,right_censored,643,0.9720062208398134,0.027993779160186624,0.0,0.9180215276526752,0.9897086252739355,0.010291374726064546,0.08197847234732474,,,,,,,,,,
results/external/evaluation/65020832/evaluation_predictions_ridge_censored_evo2_human_clinical.json,ciprofloxacin,strata,SLV:ST131,470,0.9170212765957447,0.05319148936170213,0.029787234042553193,0.8914893617021277,0.9404255319148936,,,73,397,0.5342465753424658,0.8361702127659575,0.2054794520547945,-0.410958904109589,isolate (single lineage),0.417910447761194,0.6455842259006815,-0.4448622745894354
results/external/evaluation/65020832/evaluation_predictions_ridge_censored_evo2_human_clinical.json,ciprofloxacin,strata,other_lineages,1035,0.8492753623188406,0.11304347826086956,0.03768115942028986,0.8127877774969944,0.9065823841319717,,,187,848,0.37433155080213903,0.7458937198067633,0.12834224598930483,-1.304812834224599,lineage_group,0.3116871997865148,0.4583333333333333,-0.6596472858319351
results/external/evaluation/65020832/evaluation_predictions_ridge_censored_evo2_human_clinical.json,gentamicin,by_reference_class,left_censored,1040,0.9836538461538461,0.0,0.016346153846153847,,,,,,,,,,,,,,
results/external/evaluation/65020832/evaluation_predictions_ridge_censored_evo2_human_clinical.json,gentamicin,by_reference_class,exact,184,0.06521739130434782,0.9184782608695652,0.016304347826086956,,,,,,,,,,,,,,
results/external/evaluation/65020832/evaluation_predictions_ridge_censored_evo2_human_clinical.json,gentamicin,by_reference_class,right_censored,281,0.7188612099644128,0.28113879003558717,0.0,0.5615287769784173,0.7702955286893111,0.22970447131068894,0.4384712230215827,,,,,,,,,,
results/external/evaluation/65020832/evaluation_predictions_ridge_censored_evo2_human_clinical.json,gentamicin,strata,SLV:ST131,470,0.8297872340425532,0.16170212765957448,0.00851063829787234,0.7957446808510639,0.8617021276595744,,,56,414,0.05357142857142857,0.7510638297872341,0.017857142857142856,-3.8035714285714284,isolate (single lineage),0.0,0.11907142857142844,-0.6304683682104865
results/external/evaluation/65020832/evaluation_predictions_ridge_censored_evo2_human_clinical.json,gentamicin,strata,other_lineages,1035,0.8183574879227054,0.16618357487922705,0.015458937198067632,0.7647905252941293,0.8505414454342505,,,128,907,0.0703125,0.770048309178744,0.0390625,-3.96875,lineage_group,0.018066910499139416,0.15959745206199094,-0.6939554108397173
results/external/evaluation/65020832/evaluation_predictions_xgboost_aft_amr_all_sources.json,ceftriaxone,by_reference_class,left_censored,436,0.9128440366972477,0.0,0.0871559633027523,,,,,,,,,,,,,,
results/external/evaluation/65020832/evaluation_predictions_xgboost_aft_amr_all_sources.json,ceftriaxone,by_reference_class,exact,359,0.5821727019498607,0.3593314763231198,0.0584958217270195,,,,,,,,,,,,,,
results/external/evaluation/65020832/evaluation_predictions_xgboost_aft_amr_all_sources.json,ceftriaxone,by_reference_class,right_censored,710,0.6211267605633802,0.3788732394366197,0.0,0.4097984972677596,0.6806033746321138,0.31939662536788616,0.5902015027322403,,,,,,,,,,
results/external/evaluation/65020832/evaluation_predictions_xgboost_aft_amr_all_sources.json,ceftriaxone,strata,SLV:ST131,470,0.7085106382978723,0.251063829787234,0.04042553191489362,0.6659574468085107,0.7489361702127659,,,87,383,0.7126436781609196,0.3425531914893617,0.28735632183908044,-0.5862068965517241,isolate (single lineage),0.6164314376643144,0.7974721217600964,-2.220143259214712
results/external/evaluation/65020832/evaluation_predictions_xgboost_aft_amr_all_sources.json,ceftriaxone,strata,other_lineages,1035,0.6908212560386473,0.27053140096618356,0.03864734299516908,0.5681362883452141,0.7645622243599185,,,272,763,0.5404411764705882,0.49468599033816424,0.23897058823529413,-1.6286764705882353,lineage_group,0.38172541645419,0.6724163137729381,-2.985664788149936
results/external/evaluation/65020832/evaluation_predictions_xgboost_aft_amr_all_sources.json,ciprofloxacin,by_reference_class,left_censored,602,1.0,0.0,0.0,,,,,,,,,,,,,,
results/external/evaluation/65020832/evaluation_predictions_xgboost_aft_amr_all_sources.json,ciprofloxacin,by_reference_class,exact,260,0.7230769230769231,0.25384615384615383,0.023076923076923078,,,,,,,,,,,,,,
results/external/evaluation/65020832/evaluation_predictions_xgboost_aft_amr_all_sources.json,ciprofloxacin,by_reference_class,right_censored,643,0.9813374805598756,0.01866251944012442,0.0,0.9516030684500394,0.9896461141950833,0.010353885804916734,0.04839693154996061,,,,,,,,,,
results/external/evaluation/65020832/evaluation_predictions_xgboost_aft_amr_all_sources.json,ciprofloxacin,strata,SLV:ST131,470,0.948936170212766,0.04893617021276596,0.002127659574468085,0.9276595744680851,0.9680851063829787,,,73,397,0.726027397260274,0.825531914893617,0.1232876712328767,-1.2876712328767124,isolate (single lineage),0.6164383561643836,0.8250145348837208,-0.4302661705772497
results/external/evaluation/65020832/evaluation_predictions_xgboost_aft_amr_all_sources.json,ciprofloxacin,strata,other_lineages,1035,0.9420289855072463,0.05314009661835749,0.004830917874396135,0.9100918955593813,0.9629325407969047,,,187,848,0.7219251336898396,0.821256038647343,0.11764705882352941,-1.2994652406417113,lineage_group,0.4917963323145318,0.82302715349844,-0.6006471241187618
results/external/evaluation/65020832/evaluation_predictions_xgboost_aft_amr_all_sources.json,gentamicin,by_reference_class,left_censored,1040,0.9932692307692308,0.0,0.006730769230769231,,,,,,,,,,,,,,
results/external/evaluation/65020832/evaluation_predictions_xgboost_aft_amr_all_sources.json,gentamicin,by_reference_class,exact,184,0.11956521739130435,0.8695652173913043,0.010869565217391304,,,,,,,,,,,,,,
results/external/evaluation/65020832/evaluation_predictions_xgboost_aft_amr_all_sources.json,gentamicin,by_reference_class,right_censored,281,0.9572953736654805,0.042704626334519574,0.0,0.9290744140835944,0.9857168186423506,0.014283181357649442,0.07092558591640565,,,,,,,,,,
results/external/evaluation/65020832/evaluation_predictions_xgboost_aft_amr_all_sources.json,gentamicin,strata,SLV:ST131,470,0.8702127659574468,0.11914893617021277,0.010638297872340425,0.8382978723404255,0.9,,,56,414,0.10714285714285714,0.8574468085106383,0.0,-2.25,isolate (single lineage),0.032773664727657324,0.19300864100549867,-0.5665573474762186
results/external/evaluation/65020832/evaluation_predictions_xgboost_aft_amr_all_sources.json,gentamicin,strata,other_lineages,1035,0.8840579710144928,0.11207729468599034,0.003864734299516908,0.8585213267602615,0.9034700722394221,,,128,907,0.125,0.8666666666666667,0.0078125,-1.953125,lineage_group,0.06451141294095454,0.20989278752436638,-0.5007063261817656
results/external/evaluation/65020832/evaluation_predictions_xgboost_aft_amr_evo2_all_sources.json,ceftriaxone,by_reference_class,left_censored,436,0.9243119266055045,0.0,0.07568807339449542,,,,,,,,,,,,,,
results/external/evaluation/65020832/evaluation_predictions_xgboost_aft_amr_evo2_all_sources.json,ceftriaxone,by_reference_class,exact,359,0.5181058495821727,0.4206128133704735,0.06128133704735376,,,,,,,,,,,,,,
results/external/evaluation/65020832/evaluation_predictions_xgboost_aft_amr_evo2_all_sources.json,ceftriaxone,by_reference_class,right_censored,710,0.6084507042253521,0.39154929577464787,0.0,0.35068776709401706,0.715524898476246,0.284475101523754,0.649312232905983,,,,,,,,,,
results/external/evaluation/65020832/evaluation_predictions_xgboost_aft_amr_evo2_all_sources.json,ceftriaxone,strata,SLV:ST131,470,0.774468085106383,0.19574468085106383,0.029787234042553193,0.7382978723404255,0.8106914893617019,,,87,383,0.6436781609195402,0.5,0.16091954022988506,-0.8850574712643678,isolate (single lineage),0.5402241379310345,0.7462739121294933,-1.3882637252492926
results/external/evaluation/65020832/evaluation_predictions_xgboost_aft_amr_evo2_all_sources.json,ceftriaxone,strata,other_lineages,1035,0.6347826086956522,0.32560386473429953,0.03961352657004831,0.4978142746386943,0.7308419392077894,,,272,763,0.47794117647058826,0.46570048309178746,0.17279411764705882,-1.5919117647058822,lineage_group,0.358182302771855,0.5836779059449867,-2.430732315752938
results/external/evaluation/65020832/evaluation_predictions_xgboost_aft_amr_evo2_all_sources.json,ciprofloxacin,by_reference_class,left_censored,602,0.9916943521594684,0.0,0.008305647840531562,,,,,,,,,,,,,,
results/external/evaluation/65020832/evaluation_predictions_xgboost_aft_amr_evo2_all_sources.json,ciprofloxacin,by_reference_class,exact,260,0.7615384615384615,0.18461538461538463,0.05384615384615385,,,,,,,,,,,,,,
results/external/evaluation/65020832/evaluation_predictions_xgboost_aft_amr_evo2_all_sources.json,ciprofloxacin,by_reference_class,right_censored,643,0.9797822706065319,0.02021772939346812,0.0,0.9432924442124494,0.9884817256383717,0.011518274361628363,0.05670755578755053,,,,,,,,,,
results/external/evaluation/65020832/evaluation_predictions_xgboost_aft_amr_evo2_all_sources.json,ciprofloxacin,strata,SLV:ST131,470,0.9574468085106383,0.03829787234042553,0.00425531914893617,0.9361702127659575,0.9744680851063829,,,73,397,0.7945205479452054,0.8404255319148937,0.273972602739726,-1.0410958904109588,isolate (single lineage),0.6956521739130435,0.8823720397249808,-0.39581953876761866
results/external/evaluation/65020832/evaluation_predictions_xgboost_aft_amr_evo2_all_sources.json,ciprofloxacin,strata,other_lineages,1035,0.9420289855072463,0.04154589371980676,0.01642512077294686,0.915708248816768,0.9593958518650647,,,187,848,0.7486631016042781,0.736231884057971,0.46524064171123,-0.6898395721925134,lineage_group,0.5822737577933119,0.8358699264066303,-0.6905162046617143
results/external/evaluation/65020832/evaluation_predictions_xgboost_aft_amr_evo2_all_sources.json,gentamicin,by_reference_class,left_censored,1040,0.9932692307692308,0.0,0.006730769230769231,,,,,,,,,,,,,,
results/external/evaluation/65020832/evaluation_predictions_xgboost_aft_amr_evo2_all_sources.json,gentamicin,by_reference_class,exact,184,0.09239130434782608,0.907608695652174,0.0,,,,,,,,,,,,,,
results/external/evaluation/65020832/evaluation_predictions_xgboost_aft_amr_evo2_all_sources.json,gentamicin,by_reference_class,right_censored,281,0.9608540925266904,0.03914590747330961,0.0,0.9363588007736944,0.9885057471264368,0.011494252873563218,0.06364119922630558,,,,,,,,,,
results/external/evaluation/65020832/evaluation_predictions_xgboost_aft_amr_evo2_all_sources.json,gentamicin,strata,SLV:ST131,470,0.8702127659574468,0.11914893617021277,0.010638297872340425,0.8404255319148937,0.9,,,56,414,0.10714285714285714,0.8574468085106383,0.03571428571428571,-2.392857142857143,isolate (single lineage),0.034482758620689655,0.19230769230769232,-0.5344609863681716
results/external/evaluation/65020832/evaluation_predictions_xgboost_aft_amr_evo2_all_sources.json,gentamicin,strata,other_lineages,1035,0.8801932367149758,0.1178743961352657,0.001932367149758454,0.8581540927250767,0.8985068804085685,,,128,907,0.0859375,0.863768115942029,0.015625,-2.484375,lineage_group,0.029411764705882353,0.173488713667285,-0.49699367897855307
results/external/evaluation/65020832/evaluation_predictions_xgboost_aft_amr_evo2_human_clinical.json,ceftriaxone,by_reference_class,left_censored,436,0.9357798165137615,0.0,0.06422018348623854,,,,,,,,,,,,,,
results/external/evaluation/65020832/evaluation_predictions_xgboost_aft_amr_evo2_human_clinical.json,ceftriaxone,by_reference_class,exact,359,0.4206128133704735,0.49303621169916434,0.08635097493036212,,,,,,,,,,,,,,
results/external/evaluation/65020832/evaluation_predictions_xgboost_aft_amr_evo2_human_clinical.json,ceftriaxone,by_reference_class,right_censored,710,0.5098591549295775,0.49014084507042255,0.0,0.28753893769968053,0.5924755898354381,0.4075244101645618,0.7124610623003195,,,,,,,,,,
results/external/evaluation/65020832/evaluation_predictions_xgboost_aft_amr_evo2_human_clinical.json,ceftriaxone,strata,SLV:ST131,470,0.6595744680851063,0.3170212765957447,0.023404255319148935,0.6170212765957447,0.7042553191489361,,,87,383,0.5517241379310345,0.4297872340425532,0.26436781609195403,-1.2413793103448276,isolate (single lineage),0.44300098635541674,0.6526315789473685,-1.5898324067127396
results/external/evaluation/65020832/evaluation_predictions_xgboost_aft_amr_evo2_human_clinical.json,ceftriaxone,strata,other_lineages,1035,0.5903381642512078,0.36328502415458935,0.0463768115942029,0.44017786114352864,0.7019775335946248,,,272,763,0.3786764705882353,0.44154589371980674,0.10294117647058823,-1.7830882352941178,lineage_group,0.2618920972644377,0.48340156715382226,-2.180636461694678
results/external/evaluation/65020832/evaluation_predictions_xgboost_aft_amr_evo2_human_clinical.json,ciprofloxacin,by_reference_class,left_censored,602,0.9900332225913622,0.0,0.009966777408637873,,,,,,,,,,,,,,
results/external/evaluation/65020832/evaluation_predictions_xgboost_aft_amr_evo2_human_clinical.json,ciprofloxacin,by_reference_class,exact,260,0.7076923076923077,0.25384615384615383,0.038461538461538464,,,,,,,,,,,,,,
results/external/evaluation/65020832/evaluation_predictions_xgboost_aft_amr_evo2_human_clinical.json,ciprofloxacin,by_reference_class,right_censored,643,0.9751166407465007,0.024883359253499222,0.0,0.937194041867955,0.9856995993717018,0.014300400628298125,0.06280595813204506,,,,,,,,,,
results/external/evaluation/65020832/evaluation_predictions_xgboost_aft_amr_evo2_human_clinical.json,ciprofloxacin,strata,SLV:ST131,470,0.9297872340425531,0.059574468085106386,0.010638297872340425,0.9063829787234042,0.951063829787234,,,73,397,0.6438356164383562,0.8191489361702128,0.1917808219178082,-1.1506849315068493,isolate (single lineage),0.5282887840670859,0.7567894507410635,-0.39311592713774374
results/external/evaluation/65020832/evaluation_predictions_xgboost_aft_amr_evo2_human_clinical.json,ciprofloxacin,strata,other_lineages,1035,0.9371980676328503,0.05217391304347826,0.010628019323671498,0.9049858988137206,0.9581394165975534,,,187,848,0.732620320855615,0.7478260869565218,0.32085561497326204,-0.8342245989304813,lineage_group,0.5482968223399133,0.8350613336813258,-0.6138210778345222
results/external/evaluation/65020832/evaluation_predictions_xgboost_aft_amr_evo2_human_clinical.json,gentamicin,by_reference_class,left_censored,1040,0.9875,0.0,0.0125,,,,,,,,,,,,,,
results/external/evaluation/65020832/evaluation_predictions_xgboost_aft_amr_evo2_human_clinical.json,gentamicin,by_reference_class,exact,184,0.08695652173913043,0.907608695652174,0.005434782608695652,,,,,,,,,,,,,,
results/external/evaluation/65020832/evaluation_predictions_xgboost_aft_amr_evo2_human_clinical.json,gentamicin,by_reference_class,right_censored,281,0.8718861209964412,0.12811387900355872,0.0,0.7127038178564327,0.9254383598084669,0.07456164019153302,0.287296182143567,,,,,,,,,,
results/external/evaluation/65020832/evaluation_predictions_xgboost_aft_amr_evo2_human_clinical.json,gentamicin,strata,SLV:ST131,470,0.8638297872340426,0.125531914893617,0.010638297872340425,0.8319148936170213,0.8936170212765957,,,56,414,0.05357142857142857,0.8489361702127659,0.0,-3.125,isolate (single lineage),0.0,0.11764705882352941,-0.5821779451787693
results/external/evaluation/65020832/evaluation_predictions_xgboost_aft_amr_evo2_human_clinical.json,gentamicin,strata,other_lineages,1035,0.8521739130434782,0.1391304347826087,0.008695652173913044,0.8064472120758702,0.875474935025321,,,128,907,0.1015625,0.8347826086956521,0.03125,-2.9296875,lineage_group,0.03905681128640777,0.19512671493902436,-0.605961962574213
results/external/evaluation/65020832/evaluation_predictions_xgboost_aft_amr_human_clinical.json,ceftriaxone,by_reference_class,left_censored,436,0.9655963302752294,0.0,0.034403669724770644,,,,,,,,,,,,,,
results/external/evaluation/65020832/evaluation_predictions_xgboost_aft_amr_human_clinical.json,ceftriaxone,by_reference_class,exact,359,0.3649025069637883,0.6128133704735376,0.022284122562674095,,,,,,,,,,,,,,
results/external/evaluation/65020832/evaluation_predictions_xgboost_aft_amr_human_clinical.json,ceftriaxone,by_reference_class,right_censored,710,0.48732394366197185,0.5126760563380282,0.0,0.33084810593259395,0.5400995510146764,0.45990044898532356,0.669151894067406,,,,,,,,,,
results/external/evaluation/65020832/evaluation_predictions_xgboost_aft_amr_human_clinical.json,ceftriaxone,strata,SLV:ST131,470,0.5914893617021276,0.40425531914893614,0.00425531914893617,0.5468085106382978,0.6361702127659574,,,87,383,0.4367816091954023,0.15319148936170213,0.1839080459770115,-1.9540229885057472,isolate (single lineage),0.3333333333333333,0.5357360627177699,-2.2828013430787055
results/external/evaluation/65020832/evaluation_predictions_xgboost_aft_amr_human_clinical.json,ceftriaxone,strata,other_lineages,1035,0.5990338164251208,0.38067632850241545,0.020289855072463767,0.46093434810160006,0.7111170906718852,,,272,763,0.34191176470588236,0.4106280193236715,0.08823529411764706,-2.1470588235294117,lineage_group,0.2277617994100295,0.4375,-2.740182033968385
results/external/evaluation/65020832/evaluation_predictions_xgboost_aft_amr_human_clinical.json,ciprofloxacin,by_reference_class,left_censored,602,0.9950166112956811,0.0,0.0049833887043189366,,,,,,,,,,,,,,
results/external/evaluation/65020832/evaluation_predictions_xgboost_aft_amr_human_clinical.json,ciprofloxacin,by_reference_class,exact,260,0.6846153846153846,0.29615384615384616,0.019230769230769232,,,,,,,,,,,,,,
results/external/evaluation/65020832/evaluation_predictions_xgboost_aft_amr_human_clinical.json,ciprofloxacin,by_reference_class,right_censored,643,0.9751166407465007,0.024883359253499222,0.0,0.9363386777948605,0.9869073140540346,0.01309268594596534,0.06366132220513947,,,,,,,,,,
results/external/evaluation/65020832/evaluation_predictions_xgboost_aft_amr_human_clinical.json,ciprofloxacin,strata,SLV:ST131,470,0.9191489361702128,0.07872340425531915,0.002127659574468085,0.8914893617021277,0.9425531914893617,,,73,397,0.5342465753424658,0.8340425531914893,0.1095890410958904,-1.5616438356164384,isolate (single lineage),0.41174456083803385,0.6486661986661986,-0.4442219513462962
results/external/evaluation/65020832/evaluation_predictions_xgboost_aft_amr_human_clinical.json,ciprofloxacin,strata,other_lineages,1035,0.9391304347826087,0.05410628019323672,0.00676328502415459,0.9117042448136498,0.9581722570584917,,,187,848,0.7433155080213903,0.81256038647343,0.13368983957219252,-1.2352941176470589,lineage_group,0.5753206062372486,0.8240401709555192,-0.5569628795930621
results/external/evaluation/65020832/evaluation_predictions_xgboost_aft_amr_human_clinical.json,gentamicin,by_reference_class,left_censored,1040,0.9903846153846154,0.0,0.009615384615384616,,,,,,,,,,,,,,
results/external/evaluation/65020832/evaluation_predictions_xgboost_aft_amr_human_clinical.json,gentamicin,by_reference_class,exact,184,0.22826086956521738,0.7717391304347826,0.0,,,,,,,,,,,,,,
results/external/evaluation/65020832/evaluation_predictions_xgboost_aft_amr_human_clinical.json,gentamicin,by_reference_class,right_censored,281,0.8790035587188612,0.12099644128113879,0.0,0.7310086206896552,0.9292040449347395,0.07079595506526043,0.26899137931034467,,,,,,,,,,
results/external/evaluation/65020832/evaluation_predictions_xgboost_aft_amr_human_clinical.json,gentamicin,strata,SLV:ST131,470,0.874468085106383,0.1148936170212766,0.010638297872340425,0.8446808510638298,0.902127659574468,,,56,414,0.14285714285714285,0.8617021276595744,0.05357142857142857,-2.232142857142857,isolate (single lineage),0.058823529411764705,0.23809523809523808,-0.5486962988283481
results/external/evaluation/65020832/evaluation_predictions_xgboost_aft_amr_human_clinical.json,gentamicin,strata,other_lineages,1035,0.8772946859903382,0.1178743961352657,0.004830917874396135,0.8113183480939546,0.9157015232677844,,,128,907,0.265625,0.8396135265700483,0.0390625,-2.1796875,lineage_group,0.0571031746031746,0.4508987312030075,-0.6049206568098473
results/external/evaluation/65020832/evaluation_predictions_xgboost_aft_evo2_all_sources.json,ceftriaxone,by_reference_class,left_censored,436,0.8990825688073395,0.0,0.10091743119266056,,,,,,,,,,,,,,
results/external/evaluation/65020832/evaluation_predictions_xgboost_aft_evo2_all_sources.json,ceftriaxone,by_reference_class,exact,359,0.4568245125348189,0.46518105849582175,0.07799442896935933,,,,,,,,,,,,,,
results/external/evaluation/65020832/evaluation_predictions_xgboost_aft_evo2_all_sources.json,ceftriaxone,by_reference_class,right_censored,710,0.4535211267605634,0.5464788732394367,0.0,0.215679969737091,0.5626383791749573,0.43736162082504243,0.784320030262909,,,,,,,,,,
results/external/evaluation/65020832/evaluation_predictions_xgboost_aft_evo2_all_sources.json,ceftriaxone,strata,SLV:ST131,470,0.6319148936170212,0.3,0.06808510638297872,0.5893617021276596,0.674468085106383,,,87,383,0.5862068965517241,0.33404255319148934,0.19540229885057472,-0.3793103448275862,isolate (single lineage),0.4827484787018256,0.6888963963963963,-1.433475352893591
results/external/evaluation/65020832/evaluation_predictions_xgboost_aft_evo2_all_sources.json,ceftriaxone,strata,other_lineages,1035,0.561352657004831,0.4,0.03864734299516908,0.3866590909090909,0.6949156064640658,,,272,763,0.41544117647058826,0.28792270531400965,0.16544117647058823,-1.7169117647058822,lineage_group,0.31075014458295847,0.514792716985238,-2.4714466393989927
results/external/evaluation/65020832/evaluation_predictions_xgboost_aft_evo2_all_sources.json,ciprofloxacin,by_reference_class,left_censored,602,0.9900332225913622,0.0,0.009966777408637873,,,,,,,,,,,,,,
results/external/evaluation/65020832/evaluation_predictions_xgboost_aft_evo2_all_sources.json,ciprofloxacin,by_reference_class,exact,260,0.6730769230769231,0.25769230769230766,0.06923076923076923,,,,,,,,,,,,,,
results/external/evaluation/65020832/evaluation_predictions_xgboost_aft_evo2_all_sources.json,ciprofloxacin,by_reference_class,right_censored,643,0.9720062208398134,0.027993779160186624,0.0,0.9339557489836339,0.9818184050723343,0.018181594927665655,0.06604425101636606,,,,,,,,,,
results/external/evaluation/65020832/evaluation_predictions_xgboost_aft_evo2_all_sources.json,ciprofloxacin,strata,SLV:ST131,470,0.9531914893617022,0.0425531914893617,0.00425531914893617,0.9340425531914893,0.9702127659574468,,,73,397,0.7945205479452054,0.8489361702127659,0.3424657534246575,-0.9315068493150684,isolate (single lineage),0.6987910546294769,0.8815982972136222,-0.4144400382440962
results/external/evaluation/65020832/evaluation_predictions_xgboost_aft_evo2_all_sources.json,ciprofloxacin,strata,other_lineages,1035,0.9159420289855073,0.06280193236714976,0.021256038647342997,0.8653605478275905,0.9468399632493808,,,187,848,0.6256684491978609,0.7381642512077294,0.3582887700534759,-0.7112299465240641,lineage_group,0.35657593375616636,0.8101618915648542,-0.7303809605040709
results/external/evaluation/65020832/evaluation_predictions_xgboost_aft_evo2_all_sources.json,gentamicin,by_reference_class,left_censored,1040,0.989423076923077,0.0,0.010576923076923078,,,,,,,,,,,,,,
results/external/evaluation/65020832/evaluation_predictions_xgboost_aft_evo2_all_sources.json,gentamicin,by_reference_class,exact,184,0.09782608695652174,0.8913043478260869,0.010869565217391304,,,,,,,,,,,,,,
results/external/evaluation/65020832/evaluation_predictions_xgboost_aft_evo2_all_sources.json,gentamicin,by_reference_class,right_censored,281,0.7651245551601423,0.23487544483985764,0.0,0.6481481481481481,0.8203596827792137,0.1796403172207863,0.35185185185185186,,,,,,,,,,
results/external/evaluation/65020832/evaluation_predictions_xgboost_aft_evo2_all_sources.json,gentamicin,strata,SLV:ST131,470,0.8468085106382979,0.1425531914893617,0.010638297872340425,0.8148936170212766,0.8787234042553191,,,56,414,0.125,0.7957446808510639,0.05357142857142857,-2.5357142857142856,isolate (single lineage),0.04081632653061224,0.21277467736309727,-0.6674762095204639
results/external/evaluation/65020832/evaluation_predictions_xgboost_aft_evo2_all_sources.json,gentamicin,strata,other_lineages,1035,0.8347826086956521,0.157487922705314,0.007729468599033816,0.7914388545653699,0.8636371876854111,,,128,907,0.0859375,0.7980676328502415,0.0234375,-2.546875,lineage_group,0.04040200391006843,0.1667056074766353,-0.6224346848268486
results/external/evaluation/65020832/evaluation_predictions_xgboost_aft_evo2_human_clinical.json,ceftriaxone,by_reference_class,left_censored,436,0.8922018348623854,0.0,0.10779816513761468,,,,,,,,,,,,,,
results/external/evaluation/65020832/evaluation_predictions_xgboost_aft_evo2_human_clinical.json,ceftriaxone,by_reference_class,exact,359,0.415041782729805,0.4986072423398329,0.08635097493036212,,,,,,,,,,,,,,
results/external/evaluation/65020832/evaluation_predictions_xgboost_aft_evo2_human_clinical.json,ceftriaxone,by_reference_class,right_censored,710,0.38873239436619716,0.6112676056338028,0.0,0.19915662479395213,0.44913945110679243,0.5508605488932076,0.8008433752060479,,,,,,,,,,
results/external/evaluation/65020832/evaluation_predictions_xgboost_aft_evo2_human_clinical.json,ceftriaxone,strata,SLV:ST131,470,0.5234042553191489,0.4276595744680851,0.04893617021276596,0.4808510638297872,0.5680851063829787,,,87,383,0.5057471264367817,0.2872340425531915,0.20689655172413793,-0.9080459770114943,isolate (single lineage),0.4069671607462305,0.6049382716049383,-1.6301338310922866
results/external/evaluation/65020832/evaluation_predictions_xgboost_aft_evo2_human_clinical.json,ceftriaxone,strata,other_lineages,1035,0.548792270531401,0.39806763285024155,0.05314009661835749,0.39897634977117263,0.6694513793264305,,,272,763,0.3860294117647059,0.4280193236714976,0.125,-1.8933823529411764,lineage_group,0.27044025157232704,0.48965869106263193,-2.1266990951966815
results/external/evaluation/65020832/evaluation_predictions_xgboost_aft_evo2_human_clinical.json,ciprofloxacin,by_reference_class,left_censored,602,0.9916943521594684,0.0,0.008305647840531562,,,,,,,,,,,,,,
results/external/evaluation/65020832/evaluation_predictions_xgboost_aft_evo2_human_clinical.json,ciprofloxacin,by_reference_class,exact,260,0.65,0.3269230769230769,0.023076923076923078,,,,,,,,,,,,,,
results/external/evaluation/65020832/evaluation_predictions_xgboost_aft_evo2_human_clinical.json,ciprofloxacin,by_reference_class,right_censored,643,0.968895800933126,0.03110419906687403,0.0,0.916657949790795,0.9823434991974318,0.01765650080256822,0.08334205020920497,,,,,,,,,,
results/external/evaluation/65020832/evaluation_predictions_xgboost_aft_evo2_human_clinical.json,ciprofloxacin,strata,SLV:ST131,470,0.9297872340425531,0.06595744680851064,0.00425531914893617,0.9042553191489362,0.951063829787234,,,73,397,0.6301369863013698,0.8297872340425532,0.2328767123287671,-1.1095890410958904,isolate (single lineage),0.5151515151515151,0.7391304347826086,-0.4044431684271412
results/external/evaluation/65020832/evaluation_predictions_xgboost_aft_evo2_human_clinical.json,ciprofloxacin,strata,other_lineages,1035,0.9198067632850242,0.07149758454106281,0.008695652173913044,0.8805338818744975,0.9456591046648144,,,187,848,0.6577540106951871,0.7710144927536232,0.0855614973262032,-1.2941176470588236,lineage_group,0.47619047619047616,0.7758685023160061,-0.6126403436119009
results/external/evaluation/65020832/evaluation_predictions_xgboost_aft_evo2_human_clinical.json,gentamicin,by_reference_class,left_censored,1040,0.9807692307692307,0.0,0.019230769230769232,,,,,,,,,,,,,,
results/external/evaluation/65020832/evaluation_predictions_xgboost_aft_evo2_human_clinical.json,gentamicin,by_reference_class,exact,184,0.09239130434782608,0.8913043478260869,0.016304347826086956,,,,,,,,,,,,,,
results/external/evaluation/65020832/evaluation_predictions_xgboost_aft_evo2_human_clinical.json,gentamicin,by_reference_class,right_censored,281,0.7224199288256228,0.2775800711743772,0.0,0.5268793202764976,0.7895717844740192,0.2104282155259809,0.4731206797235023,,,,,,,,,,
results/external/evaluation/65020832/evaluation_predictions_xgboost_aft_evo2_human_clinical.json,gentamicin,strata,SLV:ST131,470,0.8361702127659575,0.15319148936170213,0.010638297872340425,0.8042553191489362,0.8702127659574468,,,56,414,0.07142857142857142,0.7893617021276595,0.017857142857142856,-3.4464285714285716,isolate (single lineage),0.016942090395480225,0.14285714285714285,-0.7577163335234915
results/external/evaluation/65020832/evaluation_predictions_xgboost_aft_evo2_human_clinical.json,gentamicin,strata,other_lineages,1035,0.8183574879227054,0.1642512077294686,0.017391304347826087,0.7594906313966304,0.8517009147634337,,,128,907,0.1015625,0.7758454106280194,0.0234375,-2.828125,lineage_group,0.043953634085213036,0.19266859810075646,-0.7716825436441946
results/models/64960056/evaluation_amrfinder_all_sources.json,ceftriaxone,by_reference_class,left_censored,5428,0.99207811348563,0.0,0.007921886514369933,,,,,,,,,,,,,,
results/models/64960056/evaluation_amrfinder_all_sources.json,ceftriaxone,by_reference_class,exact,830,0.5614457831325301,0.2987951807228916,0.13975903614457832,,,,,,,,,,,,,,
results/models/64960056/evaluation_amrfinder_all_sources.json,ceftriaxone,by_reference_class,right_censored,839,0.8486293206197855,0.15137067938021453,0.0,0.7016887742569393,0.9024911838994198,0.09750881610058021,0.2983112257430607,,,,,,,,,,
results/models/64960056/evaluation_amrfinder_all_sources.json,ceftriaxone,strata,SLV:ST131,717,0.895397489539749,0.03486750348675035,0.0697350069735007,0.8716875871687587,0.9177126917712691,,,64,653,0.21875,0.8605299860529986,0.078125,2.484375,isolate (single lineage),0.12275408348457349,0.3285849909584086,-0.6871110527638203
results/models/64960056/evaluation_amrfinder_all_sources.json,ceftriaxone,strata,other_lineages,6380,0.9280564263322884,0.054858934169279,0.017084639498432603,0.9159744415673267,0.9414437085514242,,,766,5614,0.5900783289817232,0.8768025078369905,0.22845953002610966,-0.7950391644908616,lineage_group,0.5289523055024746,0.6398422489295009,-0.40896363454932144
results/models/64960056/evaluation_amrfinder_all_sources.json,ciprofloxacin,by_reference_class,left_censored,5888,0.9955842391304348,0.0,0.004415760869565217,,,,,,,,,,,,,,
results/models/64960056/evaluation_amrfinder_all_sources.json,ciprofloxacin,by_reference_class,exact,1156,0.46453287197231835,0.4870242214532872,0.04844290657439446,,,,,,,,,,,,,,
results/models/64960056/evaluation_amrfinder_all_sources.json,ciprofloxacin,by_reference_class,right_censored,1449,0.9599723947550034,0.04002760524499655,0.0,0.8844657976827095,0.9798672601031464,0.020132739896853595,0.11553420231729053,,,,,,,,,,
results/models/64960056/evaluation_amrfinder_all_sources.json,ciprofloxacin,strata,SLV:ST131,1031,0.9078564500484966,0.07759456838021339,0.014548981571290009,0.8894277400581959,0.9253394762366633,,,146,885,0.4315068493150685,0.8671193016488846,0.17123287671232876,-0.910958904109589,isolate (single lineage),0.34814814814814815,0.514931026684758,-0.5114690962512572
results/models/64960056/evaluation_amrfinder_all_sources.json,ciprofloxacin,strata,other_lineages,7462,0.9185205038863575,0.07250067006164568,0.008978826051996784,0.9032886277573461,0.9322555421734905,,,1010,6452,0.4693069306930693,0.8689359421066738,0.13267326732673268,-1.7128712871287128,lineage_group,0.4145360098919363,0.5222863699818096,-0.4566021494012956
results/models/64960056/evaluation_amrfinder_all_sources.json,gentamicin,by_reference_class,left_censored,3103,0.9880760554302288,0.0,0.011923944569771189,,,,,,,,,,,,,,
results/models/64960056/evaluation_amrfinder_all_sources.json,gentamicin,by_reference_class,exact,5221,0.9049990423290557,0.08274276958437081,0.012258188086573453,,,,,,,,,,,,,,
results/models/64960056/evaluation_amrfinder_all_sources.json,gentamicin,by_reference_class,right_censored,1190,0.8436974789915966,0.15630252100840336,0.0,0.8046475641217379,0.8995815802898899,0.10041841971011013,0.1953524358782621,,,,,,,,,,
results/models/64960056/evaluation_amrfinder_all_sources.json,gentamicin,strata,SLV:ST131,961,0.8251821019771072,0.16337148803329865,0.011446409989594173,0.7991675338189386,0.8480749219562955,,,223,738,0.5739910313901345,0.7273673257023934,0.23318385650224216,-1.1076233183856503,isolate (single lineage),0.508117184598242,0.639269406392694,-0.8937354965824846
results/models/64960056/evaluation_amrfinder_all_sources.json,gentamicin,strata,other_lineages,8553,0.9355781597100432,0.05389921664912896,0.01052262364082778,0.9265313930493114,0.9451538759598901,,,4998,3555,0.9197679071628652,0.644686075061382,0.5080032012805122,-0.49039615846338536,lineage_group,0.906166957610552,0.9318475206192627,-0.9815342028857387
results/models/64960056/evaluation_amrfinder_human_clinical.json,ceftriaxone,by_reference_class,left_censored,2034,0.9867256637168141,0.0,0.01327433628318584,,,,,,,,,,,,,,
results/models/64960056/evaluation_amrfinder_human_clinical.json,ceftriaxone,by_reference_class,exact,157,0.2484076433121019,0.2802547770700637,0.4713375796178344,,,,,,,,,,,,,,
results/models/64960056/evaluation_amrfinder_human_clinical.json,ceftriaxone,by_reference_class,right_censored,631,0.8700475435816165,0.12995245641838352,0.0,0.7335376794258373,0.913428411253058,0.08657158874694211,0.26646232057416264,,,,,,,,,,
results/models/64960056/evaluation_amrfinder_human_clinical.json,ceftriaxone,strata,SLV:ST131,627,0.8740031897926634,0.03508771929824561,0.09090909090909091,0.8484848484848485,0.9011164274322169,,,60,567,0.11666666666666667,0.8564593301435407,0.0,4.016666666666667,isolate (single lineage),0.038461538461538464,0.2033898305084746,-0.6416912536274408
results/models/64960056/evaluation_amrfinder_human_clinical.json,ceftriaxone,strata,other_lineages,2195,0.9325740318906606,0.04738041002277904,0.020045558086560365,0.906928002172842,0.9528803429457879,,,97,2098,0.32989690721649484,0.908883826879271,0.1134020618556701,-0.5979381443298969,lineage_group,0.24175595238095238,0.43159194282001295,-0.32137619452523963
results/models/64960056/evaluation_amrfinder_human_clinical.json,ciprofloxacin,by_reference_class,left_censored,1969,0.9903504316912138,0.0,0.009649568308786187,,,,,,,,,,,,,,
results/models/64960056/evaluation_amrfinder_human_clinical.json,ciprofloxacin,by_reference_class,exact,647,0.5842349304482226,0.3261205564142195,0.08964451313755796,,,,,,,,,,,,,,
results/models/64960056/evaluation_amrfinder_human_clinical.json,ciprofloxacin,by_reference_class,right_censored,1193,0.9631181894383906,0.036881810561609385,0.0,0.8669347586446972,0.9806484151364989,0.0193515848635011,0.13306524135530284,,,,,,,,,,
results/models/64960056/evaluation_amrfinder_human_clinical.json,ciprofloxacin,strata,SLV:ST131,934,0.8875802997858673,0.08886509635974305,0.023554603854389723,0.867237687366167,0.9079229122055674,,,138,796,0.32608695652173914,0.8404710920770878,0.12318840579710146,-0.7463768115942029,isolate (single lineage),0.24822565615778847,0.4060272632801515,-0.553639156413047
results/models/64960056/evaluation_amrfinder_human_clinical.json,ciprofloxacin,strata,other_lineages,2875,0.9210434782608695,0.05982608695652174,0.019130434782608695,0.8914770379684255,0.9445017326724696,,,509,2366,0.6542239685658153,0.848,0.29469548133595286,-0.4656188605108055,lineage_group,0.5783085466867469,0.7358523628989595,-0.5465794380972167
results/models/64960056/evaluation_amrfinder_human_clinical.json,gentamicin,by_reference_class,left_censored,2438,0.992616899097621,0.0,0.007383100902378999,,,,,,,,,,,,,,
results/models/64960056/evaluation_amrfinder_human_clinical.json,gentamicin,by_reference_class,exact,440,0.3431818181818182,0.6204545454545455,0.03636363636363636,,,,,,,,,,,,,,
results/models/64960056/evaluation_amrfinder_human_clinical.json,gentamicin,by_reference_class,right_censored,470,0.8340425531914893,0.16595744680851063,0.0,0.6143704850361198,0.8991295196718802,0.10087048032811971,0.38562951496388026,,,,,,,,,,
results/models/64960056/evaluation_amrfinder_human_clinical.json,gentamicin,strata,SLV:ST131,796,0.8505025125628141,0.13819095477386933,0.011306532663316583,0.8253768844221105,0.8744032663316581,,,127,669,0.2204724409448819,0.7763819095477387,0.05511811023622047,-1.7401574803149606,isolate (single lineage),0.147281121751026,0.29600740740740733,-0.6024734090904604
results/models/64960056/evaluation_amrfinder_human_clinical.json,gentamicin,strata,other_lineages,2552,0.89576802507837,0.09443573667711598,0.009796238244514107,0.8753012958844987,0.916045289834534,,,313,2239,0.3929712460063898,0.8452194357366771,0.07987220447284345,-1.7252396166134185,lineage_group,0.31750236989288083,0.4950259886400171,-0.5186137901849982
results/models/64960056/evaluation_constant_all_sources.json,ceftriaxone,by_reference_class,left_censored,5428,1.0,0.0,0.0,,,,,,,,,,,,,,
results/models/64960056/evaluation_constant_all_sources.json,ceftriaxone,by_reference_class,exact,830,0.020481927710843374,0.9795180722891567,0.0,,,,,,,,,,,,,,
results/models/64960056/evaluation_constant_all_sources.json,ceftriaxone,by_reference_class,right_censored,839,0.0,1.0,0.0,0.0,0.0,1.0,1.0,,,,,,,,,,
results/models/64960056/evaluation_constant_all_sources.json,ceftriaxone,strata,SLV:ST131,717,0.4309623430962343,0.5690376569037657,0.0,0.3947001394700139,0.46722454672245467,,,64,653,0.0,0.4295676429567643,0.0,-6.265625,isolate (single lineage),0.0,0.0,
results/models/64960056/evaluation_constant_all_sources.json,ceftriaxone,strata,other_lineages,6380,0.8050156739811912,0.19498432601880877,0.0,0.7589893813400577,0.8530987919647367,,,766,5614,0.022193211488250653,0.7894984326018809,0.0,-5.691906005221932,lineage_group,0.009860964183164575,0.03460424910183605,
results/models/64960056/evaluation_constant_all_sources.json,ciprofloxacin,by_reference_class,left_censored,5888,1.0,0.0,0.0,,,,,,,,,,,,,,
results/models/64960056/evaluation_constant_all_sources.json,ciprofloxacin,by_reference_class,exact,1156,0.39792387543252594,0.6020761245674741,0.0,,,,,,,,,,,,,,
results/models/64960056/evaluation_constant_all_sources.json,ciprofloxacin,by_reference_class,right_censored,1449,0.0,1.0,0.0,0.0,0.0,1.0,1.0,,,,,,,,,,
results/models/64960056/evaluation_constant_all_sources.json,ciprofloxacin,strata,SLV:ST131,1031,0.21241513094083414,0.7875848690591658,0.0,0.1871968962172648,0.23860329776915615,,,146,885,0.2602739726027397,0.1784675072744908,0.02054794520547945,-3.815068493150685,isolate (single lineage),0.18633219104733348,0.3333881578947365,
results/models/64960056/evaluation_constant_all_sources.json,ciprofloxacin,strata,other_lineages,7462,0.8213615652640043,0.17863843473599572,0.0,0.766243071117444,0.8765523179956021,,,1010,6452,0.4178217821782178,0.7610560171535782,0.01287128712871287,-2.5683168316831684,lineage_group,0.34394506879144,0.5125877367535592,
results/models/64960056/evaluation_constant_all_sources.json,gentamicin,by_reference_class,left_censored,3103,0.941669352239768,0.0,0.058330647760232036,,,,,,,,,,,,,,
results/models/64960056/evaluation_constant_all_sources.json,gentamicin,by_reference_class,exact,5221,0.9185979697375981,0.07967822256272744,0.001723807699674392,,,,,,,,,,,,,,
results/models/64960056/evaluation_constant_all_sources.json,gentamicin,by_reference_class,right_censored,1190,0.0008403361344537816,0.9991596638655462,0.0,0.0,0.0032830002753343824,0.9967169997246657,1.0,,,,,,,,,,
results/models/64960056/evaluation_constant_all_sources.json,gentamicin,strata,SLV:ST131,961,0.6087408949011447,0.37669094693028093,0.014568158168574402,0.5775234131113424,0.6399843912591049,,,223,738,0.7937219730941704,0.46514047866805414,0.242152466367713,-0.8295964125560538,isolate (single lineage),0.7412918957842367,0.8461538461538461,
results/models/64960056/evaluation_constant_all_sources.json,gentamicin,strata,other_lineages,8553,0.8340933005962821,0.145329124283877,0.020577575119840992,0.800048890560361,0.8672612254792272,,,4998,3555,0.9241696678671468,0.4930433765930083,0.39175670268107243,0.16966786714685875,lineage_group,0.9100689544320251,0.9395454232136216,
results/models/64960056/evaluation_constant_human_clinical.json,ceftriaxone,by_reference_class,left_censored,2034,1.0,0.0,0.0,,,,,,,,,,,,,,
results/models/64960056/evaluation_constant_human_clinical.json,ceftriaxone,by_reference_class,exact,157,0.0,1.0,0.0,,,,,,,,,,,,,,
results/models/64960056/evaluation_constant_human_clinical.json,ceftriaxone,by_reference_class,right_censored,631,0.0,1.0,0.0,0.0,0.0,1.0,1.0,,,,,,,,,,
results/models/64960056/evaluation_constant_human_clinical.json,ceftriaxone,strata,SLV:ST131,627,0.4178628389154705,0.5821371610845295,0.0,0.379585326953748,0.45773524720893144,,,60,567,0.0,0.4178628389154705,0.0,-8.266666666666667,isolate (single lineage),0.0,0.0,
results/models/64960056/evaluation_constant_human_clinical.json,ceftriaxone,strata,other_lineages,2195,0.8072892938496583,0.1927107061503417,0.0,0.7106344940237046,0.8872111171361435,,,97,2098,0.0,0.8072892938496583,0.0,-8.154639175257731,lineage_group,0.0,0.0,
results/models/64960056/evaluation_constant_human_clinical.json,ciprofloxacin,by_reference_class,left_censored,1969,1.0,0.0,0.0,,,,,,,,,,,,,,
results/models/64960056/evaluation_constant_human_clinical.json,ciprofloxacin,by_reference_class,exact,647,0.4806800618238022,0.5193199381761978,0.0,,,,,,,,,,,,,,
results/models/64960056/evaluation_constant_human_clinical.json,ciprofloxacin,by_reference_class,right_censored,1193,0.0,1.0,0.0,0.0,0.0,1.0,1.0,,,,,,,,,,
results/models/64960056/evaluation_constant_human_clinical.json,ciprofloxacin,strata,SLV:ST131,934,0.1809421841541756,0.8190578158458244,0.0,0.15738758029978586,0.20556745182012848,,,138,796,0.2318840579710145,0.14989293361884368,0.021739130434782608,-3.927536231884058,isolate (single lineage),0.1623873873873874,0.30434782608695654,
results/models/64960056/evaluation_constant_human_clinical.json,ciprofloxacin,strata,other_lineages,2875,0.7342608695652174,0.2657391304347826,0.0,0.5938547725086522,0.8519400314649721,,,509,2366,0.5481335952848723,0.6413913043478261,0.023575638506876228,-1.8349705304518664,lineage_group,0.44696488655379024,0.6512949393779651,
results/models/64960056/evaluation_constant_human_clinical.json,gentamicin,by_reference_class,left_censored,2438,0.9876948318293683,0.0,0.012305168170631665,,,,,,,,,,,,,,
results/models/64960056/evaluation_constant_human_clinical.json,gentamicin,by_reference_class,exact,440,0.7909090909090909,0.16818181818181818,0.04090909090909091,,,,,,,,,,,,,,
results/models/64960056/evaluation_constant_human_clinical.json,gentamicin,by_reference_class,right_censored,470,0.002127659574468085,0.997872340425532,0.0,0.0,0.012270567233229404,0.9877294327667706,1.0,,,,,,,,,,
results/models/64960056/evaluation_constant_human_clinical.json,gentamicin,strata,SLV:ST131,796,0.6080402010050251,0.37814070351758794,0.013819095477386936,0.5753768844221105,0.6419597989949749,,,127,669,0.7322834645669292,0.5062814070351759,0.16535433070866143,-1.4803149606299213,isolate (single lineage),0.6546555063641395,0.8053097345132744,
results/models/64960056/evaluation_constant_human_clinical.json,gentamicin,strata,other_lineages,2552,0.8906739811912225,0.09482758620689655,0.014498432601880877,0.8439716312056738,0.9327974096294864,,,313,2239,0.8146964856230032,0.8072100313479624,0.3801916932907348,-0.49201277955271566,lineage_group,0.7535393551306263,0.870775990054505,
results/models/64960056/evaluation_neighbor_all_sources.json,ceftriaxone,by_reference_class,left_censored,5428,0.8330876934414149,0.0,0.1669123065585851,,,,,,,,,,,,,,
results/models/64960056/evaluation_neighbor_all_sources.json,ceftriaxone,by_reference_class,exact,830,0.14216867469879518,0.8216867469879519,0.03614457831325301,,,,,,,,,,,,,,
results/models/64960056/evaluation_neighbor_all_sources.json,ceftriaxone,by_reference_class,right_censored,839,0.029797377830750895,0.9702026221692491,0.0,0.007922054350744168,0.09488907849829342,0.9051109215017065,0.9920779456492558,,,,,,,,,,
results/models/64960056/evaluation_neighbor_all_sources.json,ceftriaxone,strata,SLV:ST131,717,0.39748953974895396,0.5648535564853556,0.03765690376569038,0.3612273361227336,0.43235704323570434,,,64,653,0.015625,0.39191073919107394,0.0,-4.984375,isolate (single lineage),0.0,0.052649122807017446,
results/models/64960056/evaluation_neighbor_all_sources.json,ceftriaxone,strata,other_lineages,6380,0.6865203761755486,0.17100313479623824,0.14247648902821317,0.6335113453612338,0.7357865345107676,,,766,5614,0.15274151436031333,0.6605015673981192,0.04177545691906005,-4.336814621409921,lineage_group,0.06708699562222147,0.2726350392583483,
results/models/64960056/evaluation_neighbor_all_sources.json,ciprofloxacin,by_reference_class,left_censored,5888,0.8486752717391305,0.0,0.15132472826086957,,,,,,,,,,,,,,
results/models/64960056/evaluation_neighbor_all_sources.json,ciprofloxacin,by_reference_class,exact,1156,0.38494809688581316,0.3728373702422145,0.2422145328719723,,,,,,,,,,,,,,
results/models/64960056/evaluation_neighbor_all_sources.json,ciprofloxacin,by_reference_class,right_censored,1449,0.026224982746721876,0.9737750172532781,0.0,0.005818096230246878,0.11659379671150971,0.8834062032884903,0.994181903769753,,,,,,,,,,
results/models/64960056/evaluation_neighbor_all_sources.json,ciprofloxacin,strata,SLV:ST131,1031,0.24248302618816683,0.7051406401551892,0.052376333656644035,0.2162948593598448,0.2696411251212415,,,146,885,0.589041095890411,0.1542192046556741,0.1917808219178082,-0.03424657534246575,isolate (single lineage),0.507037430059811,0.6686092801066508,
results/models/64960056/evaluation_neighbor_all_sources.json,ciprofloxacin,strata,other_lineages,7462,0.7008844813722862,0.1494237469847226,0.14969177164299116,0.6446519361151635,0.7525219566174078,,,1010,6452,0.35544554455445543,0.6253015277405521,0.07920792079207921,-0.6099009900990099,lineage_group,0.2974732019281249,0.42458635157724894,
results/models/64960056/evaluation_neighbor_all_sources.json,gentamicin,by_reference_class,left_censored,3103,0.9184660006445375,0.0,0.08153399935546246,,,,,,,,,,,,,,
results/models/64960056/evaluation_neighbor_all_sources.json,gentamicin,by_reference_class,exact,5221,0.7590499904232906,0.0955755602375024,0.14537444933920704,,,,,,,,,,,,,,
results/models/64960056/evaluation_neighbor_all_sources.json,gentamicin,by_reference_class,right_censored,1190,0.08319327731092437,0.9168067226890756,0.0,0.03435326920086201,0.17790260167823,0.82209739832177,0.965646730799138,,,,,,,,,,
results/models/64960056/evaluation_neighbor_all_sources.json,gentamicin,strata,SLV:ST131,961,0.5598335067637877,0.36420395421436,0.07596253902185224,0.5275754422476587,0.5910509885535901,,,223,738,0.6502242152466368,0.3673257023933403,0.273542600896861,-0.16591928251121077,isolate (single lineage),0.5851466589766829,0.7113494938237206,
results/models/64960056/evaluation_neighbor_all_sources.json,gentamicin,strata,other_lineages,8553,0.7452355898515141,0.14497837016251608,0.10978603998596984,0.6998108614815165,0.7831611170737272,,,4998,3555,0.7639055622248899,0.47480416228224015,0.35274109643857543,0.13525410164065627,lineage_group,0.7132854446841282,0.8038339686703231,
results/models/64960056/evaluation_neighbor_human_clinical.json,ceftriaxone,by_reference_class,left_censored,2034,0.9360865290068829,0.0,0.063913470993117,,,,,,,,,,,,,,
results/models/64960056/evaluation_neighbor_human_clinical.json,ceftriaxone,by_reference_class,exact,157,0.05732484076433121,0.910828025477707,0.03184713375796178,,,,,,,,,,,,,,
results/models/64960056/evaluation_neighbor_human_clinical.json,ceftriaxone,by_reference_class,right_censored,631,0.06339144215530904,0.936608557844691,0.0,0.020535642074955923,0.18063474974536745,0.8193652502546325,0.979464357925044,,,,,,,,,,
results/models/64960056/evaluation_neighbor_human_clinical.json,ceftriaxone,strata,SLV:ST131,627,0.4130781499202552,0.5661881977671451,0.02073365231259968,0.37320574162679426,0.4529505582137161,,,60,567,0.06666666666666667,0.39872408293460926,0.0,-3.966666666666667,isolate (single lineage),0.014925373134328358,0.13793103448275862,
results/models/64960056/evaluation_neighbor_human_clinical.json,ceftriaxone,strata,other_lineages,2195,0.7717539863325741,0.17266514806378133,0.05558086560364465,0.6723672576063132,0.8496235686731837,,,97,2098,0.05154639175257732,0.7671981776765376,0.010309278350515464,-3.6907216494845363,lineage_group,0.009995098039215687,0.1111111111111111,
results/models/64960056/evaluation_neighbor_human_clinical.json,ciprofloxacin,by_reference_class,left_censored,1969,0.9395632300660234,0.0,0.06043676993397664,,,,,,,,,,,,,,
results/models/64960056/evaluation_neighbor_human_clinical.json,ciprofloxacin,by_reference_class,exact,647,0.37094281298299847,0.10046367851622875,0.5285935085007728,,,,,,,,,,,,,,
results/models/64960056/evaluation_neighbor_human_clinical.json,ciprofloxacin,by_reference_class,right_censored,1193,0.054484492875104776,0.9455155071248952,0.0,0.005340977393659089,0.26739809483419474,0.7326019051658049,0.9946590226063409,,,,,,,,,,
results/models/64960056/evaluation_neighbor_human_clinical.json,ciprofloxacin,strata,SLV:ST131,934,0.2334047109207709,0.721627408993576,0.044967880085653104,0.20663811563169165,0.26124197002141325,,,138,796,0.5869565217391305,0.1284796573875803,0.1956521739130435,0.4855072463768116,isolate (single lineage),0.5068493150684932,0.6713286713286714,
results/models/64960056/evaluation_neighbor_human_clinical.json,ciprofloxacin,strata,other_lineages,2875,0.6737391304347826,0.1805217391304348,0.14573913043478262,0.5417692637387075,0.789811592986624,,,509,2366,0.31237721021611004,0.552,0.137524557956778,2.713163064833006,lineage_group,0.2210733455483609,0.39826626245229924,
results/models/64960056/evaluation_neighbor_human_clinical.json,gentamicin,by_reference_class,left_censored,2438,0.9663658736669402,0.0,0.033634126333059886,,,,,,,,,,,,,,
results/models/64960056/evaluation_neighbor_human_clinical.json,gentamicin,by_reference_class,exact,440,0.8204545454545454,0.09545454545454546,0.08409090909090909,,,,,,,,,,,,,,
results/models/64960056/evaluation_neighbor_human_clinical.json,gentamicin,by_reference_class,right_censored,470,0.01276595744680851,0.9872340425531915,0.0,0.004347355543007717,0.045699216572283596,0.9543007834277163,0.9956526444569923,,,,,,,,,,
results/models/64960056/evaluation_neighbor_human_clinical.json,gentamicin,strata,SLV:ST131,796,0.6067839195979899,0.3555276381909548,0.03768844221105527,0.5740891959798995,0.6407349246231154,,,127,669,0.8503937007874016,0.3379396984924623,0.5590551181102362,-0.4330708661417323,isolate (single lineage),0.7876053933523797,0.9097759768273141,
results/models/64960056/evaluation_neighbor_human_clinical.json,gentamicin,strata,other_lineages,2552,0.877742946708464,0.08738244514106583,0.03487460815047022,0.8287412761483993,0.9195803402801279,,,313,2239,0.8083067092651757,0.7155172413793104,0.34185303514376997,0.16613418530351437,lineage_group,0.7509010076699607,0.8596599523500108,
results/models/64965891/evaluation_ridge_censored_all_sources.json,ceftriaxone,by_reference_class,left_censored,5428,0.9931834929992631,0.0,0.0068165070007369195,,,,,,,,,,,,,,
results/models/64965891/evaluation_ridge_censored_all_sources.json,ceftriaxone,by_reference_class,exact,830,0.5590361445783133,0.29518072289156627,0.14578313253012049,,,,,,,,,,,,,,
results/models/64965891/evaluation_ridge_censored_all_sources.json,ceftriaxone,by_reference_class,right_censored,839,0.8545887961859356,0.14541120381406436,0.0,0.7131562454185604,0.9066928154823547,0.09330718451764522,0.2868437545814397,,,,,,,,,,
results/models/64965891/evaluation_ridge_censored_all_sources.json,ceftriaxone,strata,SLV:ST131,717,0.898186889818689,0.03347280334728033,0.06834030683403068,0.8758368200836819,0.9191073919107392,,,64,653,0.21875,0.8675034867503487,0.0625,2.609375,isolate (single lineage),0.12280701754385964,0.3275932730356133,-0.7007313729390819
results/models/64965891/evaluation_ridge_censored_all_sources.json,ceftriaxone,strata,other_lineages,6380,0.929153605015674,0.05376175548589342,0.017084639498432603,0.9164996080976405,0.9426639175010684,,,766,5614,0.587467362924282,0.8769592476489029,0.2193211488250653,-0.7845953002610966,lineage_group,0.5255770399065848,0.6386710524699319,-0.40965542543476885
results/models/64965891/evaluation_ridge_censored_all_sources.json,ciprofloxacin,by_reference_class,left_censored,5888,0.9955842391304348,0.0,0.004415760869565217,,,,,,,,,,,,,,
results/models/64965891/evaluation_ridge_censored_all_sources.json,ciprofloxacin,by_reference_class,exact,1156,0.46453287197231835,0.4870242214532872,0.04844290657439446,,,,,,,,,,,,,,
results/models/64965891/evaluation_ridge_censored_all_sources.json,ciprofloxacin,by_reference_class,right_censored,1449,0.9599723947550034,0.04002760524499655,0.0,0.8844657976827095,0.9798672601031464,0.020132739896853595,0.11553420231729053,,,,,,,,,,
results/models/64965891/evaluation_ridge_censored_all_sources.json,ciprofloxacin,strata,SLV:ST131,1031,0.9078564500484966,0.07759456838021339,0.014548981571290009,0.8894277400581959,0.9253394762366633,,,146,885,0.4315068493150685,0.8671193016488846,0.17123287671232876,-0.910958904109589,isolate (single lineage),0.34814814814814815,0.514931026684758,-0.5114690962512572
results/models/64965891/evaluation_ridge_censored_all_sources.json,ciprofloxacin,strata,other_lineages,7462,0.9185205038863575,0.07250067006164568,0.008978826051996784,0.9032886277573461,0.9322555421734905,,,1010,6452,0.4693069306930693,0.8689359421066738,0.13267326732673268,-1.7128712871287128,lineage_group,0.4145360098919363,0.5222863699818096,-0.4566021494012956
results/models/64965891/evaluation_ridge_censored_all_sources.json,gentamicin,by_reference_class,left_censored,3103,0.9880760554302288,0.0,0.011923944569771189,,,,,,,,,,,,,,
results/models/64965891/evaluation_ridge_censored_all_sources.json,gentamicin,by_reference_class,exact,5221,0.9049990423290557,0.08274276958437081,0.012258188086573453,,,,,,,,,,,,,,
results/models/64965891/evaluation_ridge_censored_all_sources.json,gentamicin,by_reference_class,right_censored,1190,0.8436974789915966,0.15630252100840336,0.0,0.8046475641217379,0.8995815802898899,0.10041841971011013,0.1953524358782621,,,,,,,,,,
results/models/64965891/evaluation_ridge_censored_all_sources.json,gentamicin,strata,SLV:ST131,961,0.8251821019771072,0.16337148803329865,0.011446409989594173,0.7991675338189386,0.8480749219562955,,,223,738,0.5739910313901345,0.7273673257023934,0.23318385650224216,-1.1076233183856503,isolate (single lineage),0.508117184598242,0.639269406392694,-0.8937354965824846
results/models/64965891/evaluation_ridge_censored_all_sources.json,gentamicin,strata,other_lineages,8553,0.9355781597100432,0.05389921664912896,0.01052262364082778,0.9265313930493114,0.9451538759598901,,,4998,3555,0.9197679071628652,0.644686075061382,0.5080032012805122,-0.49039615846338536,lineage_group,0.906166957610552,0.9318475206192627,-0.9815342028857387
results/models/64965891/evaluation_ridge_censored_human_clinical.json,ceftriaxone,by_reference_class,left_censored,2034,0.983284169124877,0.0,0.01671583087512291,,,,,,,,,,,,,,
results/models/64965891/evaluation_ridge_censored_human_clinical.json,ceftriaxone,by_reference_class,exact,157,0.21019108280254778,0.2611464968152866,0.5286624203821656,,,,,,,,,,,,,,
results/models/64965891/evaluation_ridge_censored_human_clinical.json,ceftriaxone,by_reference_class,right_censored,631,0.8827258320126783,0.11727416798732171,0.0,0.7633758323244552,0.9189753699937322,0.08102463000626783,0.2366241676755447,,,,,,,,,,
results/models/64965891/evaluation_ridge_censored_human_clinical.json,ceftriaxone,strata,SLV:ST131,627,0.8740031897926634,0.03508771929824561,0.09090909090909091,0.8484848484848485,0.9011164274322169,,,60,567,0.11666666666666667,0.8564593301435407,0.0,4.016666666666667,isolate (single lineage),0.038461538461538464,0.2033898305084746,-0.6416912536274408
results/models/64965891/evaluation_ridge_censored_human_clinical.json,ceftriaxone,strata,other_lineages,2195,0.9302961275626423,0.04236902050113895,0.02733485193621868,0.9004161564093071,0.9527980613121956,,,97,2098,0.26804123711340205,0.916628701594533,0.061855670103092786,0.20618556701030927,lineage_group,0.17345957613814755,0.4000543478260867,-0.32160850968456023
results/models/64965891/evaluation_ridge_censored_human_clinical.json,ciprofloxacin,by_reference_class,left_censored,1969,0.9903504316912138,0.0,0.009649568308786187,,,,,,,,,,,,,,
results/models/64965891/evaluation_ridge_censored_human_clinical.json,ciprofloxacin,by_reference_class,exact,647,0.5842349304482226,0.3261205564142195,0.08964451313755796,,,,,,,,,,,,,,
results/models/64965891/evaluation_ridge_censored_human_clinical.json,ciprofloxacin,by_reference_class,right_censored,1193,0.9631181894383906,0.036881810561609385,0.0,0.8669347586446972,0.9806484151364989,0.0193515848635011,0.13306524135530284,,,,,,,,,,
results/models/64965891/evaluation_ridge_censored_human_clinical.json,ciprofloxacin,strata,SLV:ST131,934,0.8875802997858673,0.08886509635974305,0.023554603854389723,0.867237687366167,0.9079229122055674,,,138,796,0.32608695652173914,0.8404710920770878,0.12318840579710146,-0.7463768115942029,isolate (single lineage),0.24822565615778847,0.4060272632801515,-0.553639156413047
results/models/64965891/evaluation_ridge_censored_human_clinical.json,ciprofloxacin,strata,other_lineages,2875,0.9210434782608695,0.05982608695652174,0.019130434782608695,0.8914770379684255,0.9445017326724696,,,509,2366,0.6542239685658153,0.848,0.29469548133595286,-0.4656188605108055,lineage_group,0.5783085466867469,0.7358523628989595,-0.5465794380972167
results/models/64965891/evaluation_ridge_censored_human_clinical.json,gentamicin,by_reference_class,left_censored,2438,0.992616899097621,0.0,0.007383100902378999,,,,,,,,,,,,,,
results/models/64965891/evaluation_ridge_censored_human_clinical.json,gentamicin,by_reference_class,exact,440,0.3431818181818182,0.6204545454545455,0.03636363636363636,,,,,,,,,,,,,,
results/models/64965891/evaluation_ridge_censored_human_clinical.json,gentamicin,by_reference_class,right_censored,470,0.8340425531914893,0.16595744680851063,0.0,0.6143704850361198,0.8991295196718802,0.10087048032811971,0.38562951496388026,,,,,,,,,,
results/models/64965891/evaluation_ridge_censored_human_clinical.json,gentamicin,strata,SLV:ST131,796,0.8505025125628141,0.13819095477386933,0.011306532663316583,0.8253768844221105,0.8744032663316581,,,127,669,0.2204724409448819,0.7763819095477387,0.05511811023622047,-1.7401574803149606,isolate (single lineage),0.147281121751026,0.29600740740740733,-0.6024734090904604
results/models/64965891/evaluation_ridge_censored_human_clinical.json,gentamicin,strata,other_lineages,2552,0.89576802507837,0.09443573667711598,0.009796238244514107,0.8753012958844987,0.916045289834534,,,313,2239,0.3929712460063898,0.8452194357366771,0.07987220447284345,-1.7252396166134185,lineage_group,0.31750236989288083,0.4950259886400171,-0.5186137901849982
results/models/64965891/evaluation_xgboost_aft_all_sources.json,ceftriaxone,by_reference_class,left_censored,5428,0.9896831245394252,0.0,0.010316875460574797,,,,,,,,,,,,,,
results/models/64965891/evaluation_xgboost_aft_all_sources.json,ceftriaxone,by_reference_class,exact,830,0.736144578313253,0.1891566265060241,0.0746987951807229,,,,,,,,,,,,,,
results/models/64965891/evaluation_xgboost_aft_all_sources.json,ceftriaxone,by_reference_class,right_censored,839,0.833134684147795,0.16686531585220502,0.0,0.6914482577684495,0.8868068762898978,0.11319312371010219,0.30855174223155046,,,,,,,,,,
results/models/64965891/evaluation_xgboost_aft_all_sources.json,ceftriaxone,strata,SLV:ST131,717,0.9037656903765691,0.040446304044630406,0.05578800557880056,0.8828451882845189,0.9246861924686193,,,64,653,0.40625,0.8437935843793585,0.09375,1.15625,isolate (single lineage),0.28357587064676615,0.5211420698101652,-0.7567796500447415
results/models/64965891/evaluation_xgboost_aft_all_sources.json,ceftriaxone,strata,other_lineages,6380,0.9457680250783699,0.04200626959247649,0.012225705329153605,0.9348046596168175,0.9566098839473279,,,766,5614,0.7637075718015666,0.8735109717868339,0.2950391644908616,-0.8159268929503917,lineage_group,0.7100569370206832,0.8022928162293147,-0.4455934437629418
results/models/64965891/evaluation_xgboost_aft_all_sources.json,ciprofloxacin,by_reference_class,left_censored,5888,0.9955842391304348,0.0,0.004415760869565217,,,,,,,,,,,,,,
results/models/64965891/evaluation_xgboost_aft_all_sources.json,ciprofloxacin,by_reference_class,exact,1156,0.5865051903114187,0.36418685121107264,0.04930795847750865,,,,,,,,,,,,,,
results/models/64965891/evaluation_xgboost_aft_all_sources.json,ciprofloxacin,by_reference_class,right_censored,1449,0.9565217391304348,0.043478260869565216,0.0,0.8800862667901806,0.9761768798927324,0.023823120107267653,0.11991373320981934,,,,,,,,,,
results/models/64965891/evaluation_xgboost_aft_all_sources.json,ciprofloxacin,strata,SLV:ST131,1031,0.9127061105722599,0.07177497575169738,0.015518913676042677,0.895247332686712,0.9291949563530553,,,146,885,0.4863013698630137,0.8564500484966052,0.136986301369863,-0.6438356164383562,isolate (single lineage),0.4066666666666667,0.568185905820798,-0.5845343487724701
results/models/64965891/evaluation_xgboost_aft_all_sources.json,ciprofloxacin,strata,other_lineages,7462,0.9360761190029483,0.054945054945054944,0.008978826051996784,0.9263993017955632,0.9454561522902134,,,1010,6452,0.600990099009901,0.8751005092468507,0.1910891089108911,-1.2603960396039604,lineage_group,0.5550161476773783,0.6441726856082031,-0.49520374692130564
results/models/64965891/evaluation_xgboost_aft_all_sources.json,gentamicin,by_reference_class,left_censored,3103,0.9909764743796327,0.0,0.009023525620367387,,,,,,,,,,,,,,
results/models/64965891/evaluation_xgboost_aft_all_sources.json,gentamicin,by_reference_class,exact,5221,0.9078720551618464,0.08484964566175063,0.007278299176402988,,,,,,,,,,,,,,
results/models/64965891/evaluation_xgboost_aft_all_sources.json,gentamicin,by_reference_class,right_censored,1190,0.8857142857142857,0.11428571428571428,0.0,0.8612104336565812,0.9142505854800937,0.08574941451990632,0.13878956634341877,,,,,,,,,,
results/models/64965891/evaluation_xgboost_aft_all_sources.json,gentamicin,strata,SLV:ST131,961,0.8355879292403746,0.15088449531737774,0.013527575442247659,0.8116545265348595,0.858506763787721,,,223,738,0.5022421524663677,0.7315296566077003,0.242152466367713,-1.188340807174888,isolate (single lineage),0.4375,0.5693242574257424,-0.718883148160766
results/models/64965891/evaluation_xgboost_aft_all_sources.json,gentamicin,strata,other_lineages,8553,0.9430609142990763,0.050742429556880624,0.006196656144043026,0.9364267228292749,0.9498981563789882,,,4998,3555,0.9259703881552621,0.6573132234303753,0.5054021608643458,-0.4973989595838335,lineage_group,0.9143641244539927,0.9361055766245361,-1.027845566622217
results/models/64965891/evaluation_xgboost_aft_human_clinical.json,ceftriaxone,by_reference_class,left_censored,2034,0.9882005899705014,0.0,0.011799410029498525,,,,,,,,,,,,,,
results/models/64965891/evaluation_xgboost_aft_human_clinical.json,ceftriaxone,by_reference_class,exact,157,0.49044585987261147,0.21019108280254778,0.29936305732484075,,,,,,,,,,,,,,
results/models/64965891/evaluation_xgboost_aft_human_clinical.json,ceftriaxone,by_reference_class,right_censored,631,0.8462757527733756,0.1537242472266244,0.0,0.7025792037157522,0.9003705585625391,0.09962944143746087,0.2974207962842478,,,,,,,,,,
results/models/64965891/evaluation_xgboost_aft_human_clinical.json,ceftriaxone,strata,SLV:ST131,627,0.8915470494417863,0.04146730462519936,0.06698564593301436,0.8676236044657097,0.9154704944178629,,,60,567,0.35,0.8389154704944178,0.016666666666666666,1.5166666666666666,isolate (single lineage),0.23635732323232322,0.4697192513368983,-0.898938012081086
results/models/64965891/evaluation_xgboost_aft_human_clinical.json,ceftriaxone,strata,other_lineages,2195,0.9394077448747152,0.04738041002277904,0.013211845102505695,0.9062236638483219,0.9631728570560603,,,97,2098,0.5773195876288659,0.8952164009111617,0.1958762886597938,-0.9175257731958762,lineage_group,0.4843623991935484,0.6724216300940439,-0.5015922623054982
results/models/64965891/evaluation_xgboost_aft_human_clinical.json,ciprofloxacin,by_reference_class,left_censored,1969,0.98933468765871,0.0,0.010665312341289994,,,,,,,,,,,,,,
results/models/64965891/evaluation_xgboost_aft_human_clinical.json,ciprofloxacin,by_reference_class,exact,647,0.6275115919629057,0.26120556414219476,0.11128284389489954,,,,,,,,,,,,,,
results/models/64965891/evaluation_xgboost_aft_human_clinical.json,ciprofloxacin,by_reference_class,right_censored,1193,0.9589270746018441,0.04107292539815591,0.0,0.8599218882183747,0.9781425973804585,0.021857402619541437,0.14007811178162527,,,,,,,,,,
results/models/64965891/evaluation_xgboost_aft_human_clinical.json,ciprofloxacin,strata,SLV:ST131,934,0.8961456102783726,0.06423982869379015,0.03961456102783726,0.8758029978586723,0.9154175588865097,,,138,796,0.4057971014492754,0.8436830835117773,0.13768115942028986,-0.16666666666666666,isolate (single lineage),0.32857142857142857,0.4880047244094488,-0.6456654206139494
results/models/64965891/evaluation_xgboost_aft_human_clinical.json,ciprofloxacin,strata,other_lineages,2875,0.9255652173913044,0.05495652173913043,0.019478260869565216,0.9015503058254015,0.9449425168836797,,,509,2366,0.68762278978389,0.8299130434782609,0.19646365422396855,-0.15717092337917485,lineage_group,0.6322131054012842,0.7500151331719127,-0.6318741281949838
results/models/64965891/evaluation_xgboost_aft_human_clinical.json,gentamicin,by_reference_class,left_censored,2438,0.9917965545529123,0.0,0.008203445447087777,,,,,,,,,,,,,,
results/models/64965891/evaluation_xgboost_aft_human_clinical.json,gentamicin,by_reference_class,exact,440,0.4409090909090909,0.5136363636363637,0.045454545454545456,,,,,,,,,,,,,,
results/models/64965891/evaluation_xgboost_aft_human_clinical.json,gentamicin,by_reference_class,right_censored,470,0.8127659574468085,0.18723404255319148,0.0,0.7134419039401783,0.8395835110921502,0.16041648890784985,0.28655809605982163,,,,,,,,,,
results/models/64965891/evaluation_xgboost_aft_human_clinical.json,gentamicin,strata,SLV:ST131,796,0.8203517587939698,0.16959798994974876,0.010050251256281407,0.7939698492462312,0.8467336683417085,,,127,669,0.25196850393700787,0.7437185929648241,0.05511811023622047,-1.6299212598425197,isolate (single lineage),0.17645882352941178,0.3253968253968254,-0.6472678148535751
results/models/64965891/evaluation_xgboost_aft_human_clinical.json,gentamicin,strata,other_lineages,2552,0.917319749216301,0.07014106583072101,0.012539184952978056,0.898402262127722,0.935485154615355,,,313,2239,0.5175718849840255,0.8538401253918495,0.15654952076677317,-1.293929712460064,lineage_group,0.43998191214470284,0.5971568167735668,-0.49594402416728883
results/models/64983779/evaluation_ridge_censored_all_sources.json,ceftriaxone,by_reference_class,left_censored,5428,0.9931834929992631,0.0,0.0068165070007369195,,,,,,,,,,,,,,
results/models/64983779/evaluation_ridge_censored_all_sources.json,ceftriaxone,by_reference_class,exact,830,0.5590361445783133,0.29518072289156627,0.14578313253012049,,,,,,,,,,,,,,
results/models/64983779/evaluation_ridge_censored_all_sources.json,ceftriaxone,by_reference_class,right_censored,839,0.8545887961859356,0.14541120381406436,0.0,0.7131562454185604,0.9066928154823547,0.09330718451764522,0.2868437545814397,,,,,,,,,,
results/models/64983779/evaluation_ridge_censored_all_sources.json,ceftriaxone,strata,SLV:ST131,717,0.898186889818689,0.03347280334728033,0.06834030683403068,0.8758368200836819,0.9191073919107392,,,64,653,0.21875,0.8675034867503487,0.0625,2.609375,isolate (single lineage),0.12280701754385964,0.3275932730356133,-0.7007313729390819
results/models/64983779/evaluation_ridge_censored_all_sources.json,ceftriaxone,strata,other_lineages,6380,0.929153605015674,0.05376175548589342,0.017084639498432603,0.9164996080976405,0.9426639175010684,,,766,5614,0.587467362924282,0.8769592476489029,0.2193211488250653,-0.7845953002610966,lineage_group,0.5255770399065848,0.6386710524699319,-0.40965542543476885
results/models/64983779/evaluation_ridge_censored_all_sources.json,ciprofloxacin,by_reference_class,left_censored,5888,0.9955842391304348,0.0,0.004415760869565217,,,,,,,,,,,,,,
results/models/64983779/evaluation_ridge_censored_all_sources.json,ciprofloxacin,by_reference_class,exact,1156,0.46453287197231835,0.4870242214532872,0.04844290657439446,,,,,,,,,,,,,,
results/models/64983779/evaluation_ridge_censored_all_sources.json,ciprofloxacin,by_reference_class,right_censored,1449,0.9599723947550034,0.04002760524499655,0.0,0.8844657976827095,0.9798672601031464,0.020132739896853595,0.11553420231729053,,,,,,,,,,
results/models/64983779/evaluation_ridge_censored_all_sources.json,ciprofloxacin,strata,SLV:ST131,1031,0.9078564500484966,0.07759456838021339,0.014548981571290009,0.8894277400581959,0.9253394762366633,,,146,885,0.4315068493150685,0.8671193016488846,0.17123287671232876,-0.910958904109589,isolate (single lineage),0.34814814814814815,0.514931026684758,-0.5114690962512572
results/models/64983779/evaluation_ridge_censored_all_sources.json,ciprofloxacin,strata,other_lineages,7462,0.9185205038863575,0.07250067006164568,0.008978826051996784,0.9032886277573461,0.9322555421734905,,,1010,6452,0.4693069306930693,0.8689359421066738,0.13267326732673268,-1.7128712871287128,lineage_group,0.4145360098919363,0.5222863699818096,-0.4566021494012956
results/models/64983779/evaluation_ridge_censored_all_sources.json,gentamicin,by_reference_class,left_censored,3103,0.9880760554302288,0.0,0.011923944569771189,,,,,,,,,,,,,,
results/models/64983779/evaluation_ridge_censored_all_sources.json,gentamicin,by_reference_class,exact,5221,0.9049990423290557,0.08274276958437081,0.012258188086573453,,,,,,,,,,,,,,
results/models/64983779/evaluation_ridge_censored_all_sources.json,gentamicin,by_reference_class,right_censored,1190,0.8436974789915966,0.15630252100840336,0.0,0.8046475641217379,0.8995815802898899,0.10041841971011013,0.1953524358782621,,,,,,,,,,
results/models/64983779/evaluation_ridge_censored_all_sources.json,gentamicin,strata,SLV:ST131,961,0.8251821019771072,0.16337148803329865,0.011446409989594173,0.7991675338189386,0.8480749219562955,,,223,738,0.5739910313901345,0.7273673257023934,0.23318385650224216,-1.1076233183856503,isolate (single lineage),0.508117184598242,0.639269406392694,-0.8937354965824846
results/models/64983779/evaluation_ridge_censored_all_sources.json,gentamicin,strata,other_lineages,8553,0.9355781597100432,0.05389921664912896,0.01052262364082778,0.9265313930493114,0.9451538759598901,,,4998,3555,0.9197679071628652,0.644686075061382,0.5080032012805122,-0.49039615846338536,lineage_group,0.906166957610552,0.9318475206192627,-0.9815342028857387
results/models/64983779/evaluation_ridge_censored_amr_evo2_all_sources.json,ceftriaxone,by_reference_class,left_censored,5428,0.9913411938098747,0.0,0.008658806190125276,,,,,,,,,,,,,,
results/models/64983779/evaluation_ridge_censored_amr_evo2_all_sources.json,ceftriaxone,by_reference_class,exact,830,0.5975903614457831,0.2710843373493976,0.13132530120481928,,,,,,,,,,,,,,
results/models/64983779/evaluation_ridge_censored_amr_evo2_all_sources.json,ceftriaxone,by_reference_class,right_censored,839,0.8533969010727056,0.1466030989272944,0.0,0.7108670568561873,0.906395478338345,0.09360452166165496,0.2891329431438127,,,,,,,,,,
results/models/64983779/evaluation_ridge_censored_amr_evo2_all_sources.json,ceftriaxone,strata,SLV:ST131,717,0.8967921896792189,0.03626220362622036,0.06694560669456066,0.8744769874476988,0.9191073919107392,,,64,653,0.234375,0.8661087866108786,0.109375,2.109375,isolate (single lineage),0.13333333333333333,0.3442622950819672,-0.6690328504343953
results/models/64983779/evaluation_ridge_censored_amr_evo2_all_sources.json,ceftriaxone,strata,other_lineages,6380,0.932601880877743,0.05047021943573668,0.016927899686520375,0.9194623999169093,0.9467618284149993,,,766,5614,0.6279373368146214,0.8782131661442006,0.23890339425587467,-0.7467362924281984,lineage_group,0.5559929618768329,0.6833360927152318,-0.4003933777957717
results/models/64983779/evaluation_ridge_censored_amr_evo2_all_sources.json,ciprofloxacin,by_reference_class,left_censored,5888,0.9940557065217391,0.0,0.00594429347826087,,,,,,,,,,,,,,
results/models/64983779/evaluation_ridge_censored_amr_evo2_all_sources.json,ciprofloxacin,by_reference_class,exact,1156,0.5484429065743944,0.3875432525951557,0.06401384083044982,,,,,,,,,,,,,,
results/models/64983779/evaluation_ridge_censored_amr_evo2_all_sources.json,ciprofloxacin,by_reference_class,right_censored,1449,0.9620427881297446,0.03795721187025535,0.0,0.8919861847236149,0.9789339727368838,0.02106602726311623,0.10801381527638507,,,,,,,,,,
results/models/64983779/evaluation_ridge_censored_amr_evo2_all_sources.json,ciprofloxacin,strata,SLV:ST131,1031,0.9408341416100873,0.04364694471387003,0.015518913676042677,0.9262851600387972,0.9544131910766246,,,146,885,0.678082191780822,0.88360814742968,0.3082191780821918,-0.13013698630136986,isolate (single lineage),0.597217039800995,0.748388111178738,-0.5090485260319197
results/models/64983779/evaluation_ridge_censored_amr_evo2_all_sources.json,ciprofloxacin,strata,other_lineages,7462,0.9261592066470116,0.0613776467435004,0.012463146609488072,0.9133251248431669,0.937684934972268,,,1010,6452,0.5297029702970297,0.8738943982846422,0.19504950495049506,-1.3207920792079209,lineage_group,0.47633546467787086,0.5712756465249081,-0.4551262747017481
results/models/64983779/evaluation_ridge_censored_amr_evo2_all_sources.json,gentamicin,by_reference_class,left_censored,3103,0.9880760554302288,0.0,0.011923944569771189,,,,,,,,,,,,,,
results/models/64983779/evaluation_ridge_censored_amr_evo2_all_sources.json,gentamicin,by_reference_class,exact,5221,0.9138096150162804,0.07661367554108409,0.00957670944263551,,,,,,,,,,,,,,
results/models/64983779/evaluation_ridge_censored_amr_evo2_all_sources.json,gentamicin,by_reference_class,right_censored,1190,0.8453781512605042,0.1546218487394958,0.0,0.814983109733679,0.8878339671188301,0.11216603288116996,0.18501689026632084,,,,,,,,,,
results/models/64983779/evaluation_ridge_censored_amr_evo2_all_sources.json,gentamicin,strata,SLV:ST131,961,0.8522372528616025,0.13527575442247658,0.012486992715920915,0.8293444328824141,0.8740894901144641,,,223,738,0.6681614349775785,0.7346514047866806,0.25112107623318386,-0.9506726457399103,isolate (single lineage),0.6053716367713005,0.7264677702929614,-0.8529599430990066
results/models/64983779/evaluation_ridge_censored_amr_evo2_all_sources.json,gentamicin,strata,other_lineages,8553,0.9381503566000234,0.053080790365953465,0.008768853034023149,0.9299726947208685,0.9462815830922356,,,4998,3555,0.9247699079631853,0.638138664795978,0.5098039215686274,-0.47498999599839936,lineage_group,0.9144326448804986,0.9350905451104509,-0.9744429766747471
results/models/64983779/evaluation_ridge_censored_amr_evo2_human_clinical.json,ceftriaxone,by_reference_class,left_censored,2034,0.9872173058013766,0.0,0.012782694198623401,,,,,,,,,,,,,,
results/models/64983779/evaluation_ridge_censored_amr_evo2_human_clinical.json,ceftriaxone,by_reference_class,exact,157,0.2802547770700637,0.19745222929936307,0.5222929936305732,,,,,,,,,,,,,,
results/models/64983779/evaluation_ridge_censored_amr_evo2_human_clinical.json,ceftriaxone,by_reference_class,right_censored,631,0.8922345483359746,0.10776545166402536,0.0,0.7766894481349004,0.9292781035469108,0.07072189645308924,0.2233105518650996,,,,,,,,,,
results/models/64983779/evaluation_ridge_censored_amr_evo2_human_clinical.json,ceftriaxone,strata,SLV:ST131,627,0.8803827751196173,0.028708133971291867,0.09090909090909091,0.8548644338118022,0.9059011164274322,,,60,567,0.11666666666666667,0.861244019138756,0.05,4.366666666666666,isolate (single lineage),0.037037037037037035,0.20636288998357954,-0.6508285555522486
results/models/64983779/evaluation_ridge_censored_amr_evo2_human_clinical.json,ceftriaxone,strata,other_lineages,2195,0.939863325740319,0.03690205011389522,0.023234624145785875,0.916614379535272,0.9573033952110706,,,97,2098,0.38144329896907214,0.9193621867881548,0.14432989690721648,0.13402061855670103,lineage_group,0.28407196969696974,0.45206294846705797,-0.2970481210970316
results/models/64983779/evaluation_ridge_censored_amr_evo2_human_clinical.json,ciprofloxacin,by_reference_class,left_censored,1969,0.9883189436262062,0.0,0.011681056373793804,,,,,,,,,,,,,,
results/models/64983779/evaluation_ridge_censored_amr_evo2_human_clinical.json,ciprofloxacin,by_reference_class,exact,647,0.5842349304482226,0.31993817619783615,0.09582689335394126,,,,,,,,,,,,,,
results/models/64983779/evaluation_ridge_censored_amr_evo2_human_clinical.json,ciprofloxacin,by_reference_class,right_censored,1193,0.9580888516345348,0.041911148365465216,0.0,0.8651990525265958,0.9740958674950552,0.025904132504944808,0.134800947473404,,,,,,,,,,
results/models/64983779/evaluation_ridge_censored_amr_evo2_human_clinical.json,ciprofloxacin,strata,SLV:ST131,934,0.880085653104925,0.09850107066381156,0.021413276231263382,0.8586456102783726,0.9014989293361885,,,138,796,0.3188405797101449,0.8254817987152034,0.10144927536231885,-0.782608695652174,isolate (single lineage),0.2430453431372549,0.3972625419577247,-0.5634658692531868
results/models/64983779/evaluation_ridge_censored_amr_evo2_human_clinical.json,ciprofloxacin,strata,other_lineages,2875,0.92,0.057391304347826085,0.022608695652173914,0.8927138846212105,0.9419048338733859,,,509,2366,0.656188605108055,0.8386086956521739,0.24361493123772102,-0.46168958742632615,lineage_group,0.5909068227181999,0.7254086501077514,-0.5637204382443849
results/models/64983779/evaluation_ridge_censored_amr_evo2_human_clinical.json,gentamicin,by_reference_class,left_censored,2438,0.9922067268252666,0.0,0.007793273174733388,,,,,,,,,,,,,,
results/models/64983779/evaluation_ridge_censored_amr_evo2_human_clinical.json,gentamicin,by_reference_class,exact,440,0.5272727272727272,0.4022727272727273,0.07045454545454545,,,,,,,,,,,,,,
results/models/64983779/evaluation_ridge_censored_amr_evo2_human_clinical.json,gentamicin,by_reference_class,right_censored,470,0.8595744680851064,0.14042553191489363,0.0,0.6491228070175439,0.9175834202294055,0.08241657977059437,0.3508771929824561,,,,,,,,,,
results/models/64983779/evaluation_ridge_censored_amr_evo2_human_clinical.json,gentamicin,strata,SLV:ST131,796,0.8994974874371859,0.08165829145728644,0.018844221105527637,0.8781092964824121,0.9195979899497487,,,127,669,0.5039370078740157,0.8241206030150754,0.11811023622047244,-0.9291338582677166,isolate (single lineage),0.41777968036529683,0.5887355252274606,-0.5428468375221434
results/models/64983779/evaluation_ridge_censored_amr_evo2_human_clinical.json,gentamicin,strata,other_lineages,2552,0.9165360501567398,0.06974921630094044,0.01371473354231975,0.8931126821940999,0.9352342935246059,,,313,2239,0.536741214057508,0.8522727272727273,0.16613418530351437,-1.1725239616613419,lineage_group,0.4660752641979552,0.600620780016695,-0.47606777675664114
results/models/64983779/evaluation_ridge_censored_evo2_all_sources.json,ceftriaxone,by_reference_class,left_censored,5428,0.9826823876197495,0.0,0.017317612380250553,,,,,,,,,,,,,,
results/models/64983779/evaluation_ridge_censored_evo2_all_sources.json,ceftriaxone,by_reference_class,exact,830,0.24819277108433735,0.5132530120481927,0.2385542168674699,,,,,,,,,,,,,,
results/models/64983779/evaluation_ridge_censored_evo2_all_sources.json,ceftriaxone,by_reference_class,right_censored,839,0.7616209773539928,0.23837902264600716,0.0,0.6074976851851852,0.8141249356764578,0.18587506432354217,0.3925023148148148,,,,,,,,,,
results/models/64983779/evaluation_ridge_censored_evo2_all_sources.json,ceftriaxone,strata,SLV:ST131,717,0.8312412831241283,0.08647140864714087,0.08228730822873083,0.8047419804741981,0.8577405857740585,,,64,653,0.171875,0.7768479776847977,0.0625,2.5,isolate (single lineage),0.08,0.26666666666666666,-0.6262070757297159
results/models/64983779/evaluation_ridge_censored_evo2_all_sources.json,ceftriaxone,strata,other_lineages,6380,0.8750783699059561,0.08840125391849529,0.03652037617554859,0.8499676763994025,0.9010913977101074,,,766,5614,0.2545691906005222,0.8405956112852665,0.0835509138381201,-1.654046997389034,lineage_group,0.20852034309352468,0.2909538260501653,-0.5104755456154817
results/models/64983779/evaluation_ridge_censored_evo2_all_sources.json,ciprofloxacin,by_reference_class,left_censored,5888,0.9950747282608695,0.0,0.004925271739130435,,,,,,,,,,,,,,
results/models/64983779/evaluation_ridge_censored_evo2_all_sources.json,ciprofloxacin,by_reference_class,exact,1156,0.43685121107266434,0.504325259515571,0.058823529411764705,,,,,,,,,,,,,,
results/models/64983779/evaluation_ridge_censored_evo2_all_sources.json,ciprofloxacin,by_reference_class,right_censored,1449,0.94824016563147,0.051759834368530024,0.0,0.849562354602858,0.9708478988609497,0.02915210113905035,0.15043764539714183,,,,,,,,,,
results/models/64983779/evaluation_ridge_censored_evo2_all_sources.json,ciprofloxacin,strata,SLV:ST131,1031,0.9010669253152279,0.08438409311348205,0.014548981571290009,0.8816682832201745,0.9194956353055286,,,146,885,0.4178082191780822,0.8496605237633366,0.21232876712328766,-0.910958904109589,isolate (single lineage),0.3352794411177645,0.49624199387357276,-0.5352995887830172
results/models/64983779/evaluation_ridge_censored_evo2_all_sources.json,ciprofloxacin,strata,other_lineages,7462,0.9124899490753149,0.07652103993567408,0.01098901098901099,0.8973147424400213,0.9265609220707655,,,1010,6452,0.4396039603960396,0.8619673009916913,0.1504950495049505,-1.6554455445544554,lineage_group,0.3654331821975691,0.5031296234634225,-0.47982745602662363
results/models/64983779/evaluation_ridge_censored_evo2_all_sources.json,gentamicin,by_reference_class,left_censored,3103,0.9680953915565582,0.0,0.03190460844344183,,,,,,,,,,,,,,
results/models/64983779/evaluation_ridge_censored_evo2_all_sources.json,gentamicin,by_reference_class,exact,5221,0.8900593755985443,0.08063589350699099,0.029304730894464663,,,,,,,,,,,,,,
results/models/64983779/evaluation_ridge_censored_evo2_all_sources.json,gentamicin,by_reference_class,right_censored,1190,0.6403361344537815,0.3596638655462185,0.0,0.5283175377210241,0.7216627780237745,0.27833722197622535,0.47168246227897587,,,,,,,,,,
results/models/64983779/evaluation_ridge_censored_evo2_all_sources.json,gentamicin,strata,SLV:ST131,961,0.8428720083246618,0.09157127991675339,0.06555671175858481,0.8199791883454735,0.8647242455775234,,,223,738,0.8475336322869955,0.5816857440166493,0.3901345291479821,0.17040358744394618,isolate (single lineage),0.8,0.8956542344941274,-1.0856356059942467
results/models/64983779/evaluation_ridge_censored_evo2_all_sources.json,gentamicin,strata,other_lineages,8553,0.8889278615690401,0.08897462878522155,0.02209750964573834,0.8654798481001904,0.9117750446452954,,,4998,3555,0.8919567827130852,0.5841225301063954,0.4557823129251701,-0.41316526610644255,lineage_group,0.8744478721584202,0.9097610300125942,-1.1456298109725334
results/models/64983779/evaluation_ridge_censored_evo2_human_clinical.json,ceftriaxone,by_reference_class,left_censored,2034,0.9759095378564405,0.0,0.024090462143559487,,,,,,,,,,,,,,
results/models/64983779/evaluation_ridge_censored_evo2_human_clinical.json,ceftriaxone,by_reference_class,exact,157,0.1592356687898089,0.2802547770700637,0.5605095541401274,,,,,,,,,,,,,,
results/models/64983779/evaluation_ridge_censored_evo2_human_clinical.json,ceftriaxone,by_reference_class,right_censored,631,0.820919175911252,0.179080824088748,0.0,0.6894183428944884,0.8630988021349466,0.13690119786505328,0.3105816571055116,,,,,,,,,,
results/models/64983779/evaluation_ridge_censored_evo2_human_clinical.json,ceftriaxone,strata,SLV:ST131,627,0.8277511961722488,0.06060606060606061,0.11164274322169059,0.7974481658692185,0.8564593301435407,,,60,567,0.11666666666666667,0.7878787878787878,0.03333333333333333,4.616666666666666,isolate (single lineage),0.0394672342621259,0.20834888059701484,-0.6537914295288054
results/models/64983779/evaluation_ridge_censored_evo2_human_clinical.json,ceftriaxone,strata,other_lineages,2195,0.9152619589977221,0.05421412300683371,0.03052391799544419,0.8787772087067862,0.9440393612422691,,,97,2098,0.18556701030927836,0.8956719817767653,0.07216494845360824,0.2268041237113402,lineage_group,0.1063749194068343,0.2686607286149895,-0.32208799884578504
results/models/64983779/evaluation_ridge_censored_evo2_human_clinical.json,ciprofloxacin,by_reference_class,left_censored,1969,0.9756221432199086,0.0,0.02437785678009142,,,,,,,,,,,,,,
results/models/64983779/evaluation_ridge_censored_evo2_human_clinical.json,ciprofloxacin,by_reference_class,exact,647,0.5131375579598145,0.2009273570324575,0.28593508500772796,,,,,,,,,,,,,,
results/models/64983779/evaluation_ridge_censored_evo2_human_clinical.json,ciprofloxacin,by_reference_class,right_censored,1193,0.9362950544844929,0.06370494551550712,0.0,0.8320775462962964,0.9765223690371826,0.02347763096281744,0.1679224537037036,,,,,,,,,,
results/models/64983779/evaluation_ridge_censored_evo2_human_clinical.json,ciprofloxacin,strata,SLV:ST131,934,0.8693790149892934,0.0053533190578158455,0.1252676659528908,0.8468950749464668,0.8907922912205567,,,138,796,0.3333333333333333,0.8211991434689507,0.07971014492753623,2.63768115942029,isolate (single lineage),0.2548818707810993,0.41291899102595186,-0.7384354338644928
results/models/64983779/evaluation_ridge_censored_evo2_human_clinical.json,ciprofloxacin,strata,other_lineages,2875,0.8897391304347826,0.06991304347826087,0.04034782608695652,0.8541513287379146,0.9197408527995516,,,509,2366,0.5618860510805501,0.8010434782608695,0.2475442043222004,-0.23772102161100198,lineage_group,0.4703094045784724,0.6510333906658287,-0.6238221761229265
results/models/64983779/evaluation_ridge_censored_evo2_human_clinical.json,gentamicin,by_reference_class,left_censored,2438,0.9872846595570139,0.0,0.012715340442986054,,,,,,,,,,,,,,
results/models/64983779/evaluation_ridge_censored_evo2_human_clinical.json,gentamicin,by_reference_class,exact,440,0.46136363636363636,0.43863636363636366,0.1,,,,,,,,,,,,,,
results/models/64983779/evaluation_ridge_censored_evo2_human_clinical.json,gentamicin,by_reference_class,right_censored,470,0.7319148936170212,0.2680851063829787,0.0,0.5661730022197559,0.7841504397696877,0.21584956023031235,0.4338269977802442,,,,,,,,,,
results/models/64983779/evaluation_ridge_censored_evo2_human_clinical.json,gentamicin,strata,SLV:ST131,796,0.8555276381909548,0.12185929648241206,0.022613065326633167,0.8304020100502513,0.8806532663316583,,,127,669,0.5275590551181102,0.7123115577889447,0.14173228346456693,-0.5275590551181102,isolate (single lineage),0.43970825274016767,0.6170305272895467,-0.729602739300431
results/models/64983779/evaluation_ridge_censored_evo2_human_clinical.json,gentamicin,strata,other_lineages,2552,0.8906739811912225,0.08699059561128526,0.02233542319749216,0.8669814504690784,0.912685055309564,,,313,2239,0.43450479233226835,0.838166144200627,0.13099041533546327,-1.2843450479233227,lineage_group,0.36758130825159807,0.5100375808796646,-0.48058588710492245
results/models/64983779/evaluation_ridge_censored_human_clinical.json,ceftriaxone,by_reference_class,left_censored,2034,0.983284169124877,0.0,0.01671583087512291,,,,,,,,,,,,,,
results/models/64983779/evaluation_ridge_censored_human_clinical.json,ceftriaxone,by_reference_class,exact,157,0.21019108280254778,0.2611464968152866,0.5286624203821656,,,,,,,,,,,,,,
results/models/64983779/evaluation_ridge_censored_human_clinical.json,ceftriaxone,by_reference_class,right_censored,631,0.8827258320126783,0.11727416798732171,0.0,0.7633758323244552,0.9189753699937322,0.08102463000626783,0.2366241676755447,,,,,,,,,,
results/models/64983779/evaluation_ridge_censored_human_clinical.json,ceftriaxone,strata,SLV:ST131,627,0.8740031897926634,0.03508771929824561,0.09090909090909091,0.8484848484848485,0.9011164274322169,,,60,567,0.11666666666666667,0.8564593301435407,0.0,4.016666666666667,isolate (single lineage),0.038461538461538464,0.2033898305084746,-0.6416912536274408
results/models/64983779/evaluation_ridge_censored_human_clinical.json,ceftriaxone,strata,other_lineages,2195,0.9302961275626423,0.04236902050113895,0.02733485193621868,0.9004161564093071,0.9527980613121956,,,97,2098,0.26804123711340205,0.916628701594533,0.061855670103092786,0.20618556701030927,lineage_group,0.17345957613814755,0.4000543478260867,-0.32160850968456023
results/models/64983779/evaluation_ridge_censored_human_clinical.json,ciprofloxacin,by_reference_class,left_censored,1969,0.9903504316912138,0.0,0.009649568308786187,,,,,,,,,,,,,,
results/models/64983779/evaluation_ridge_censored_human_clinical.json,ciprofloxacin,by_reference_class,exact,647,0.5842349304482226,0.3261205564142195,0.08964451313755796,,,,,,,,,,,,,,
results/models/64983779/evaluation_ridge_censored_human_clinical.json,ciprofloxacin,by_reference_class,right_censored,1193,0.9631181894383906,0.036881810561609385,0.0,0.8669347586446972,0.9806484151364989,0.0193515848635011,0.13306524135530284,,,,,,,,,,
results/models/64983779/evaluation_ridge_censored_human_clinical.json,ciprofloxacin,strata,SLV:ST131,934,0.8875802997858673,0.08886509635974305,0.023554603854389723,0.867237687366167,0.9079229122055674,,,138,796,0.32608695652173914,0.8404710920770878,0.12318840579710146,-0.7463768115942029,isolate (single lineage),0.24822565615778847,0.4060272632801515,-0.553639156413047
results/models/64983779/evaluation_ridge_censored_human_clinical.json,ciprofloxacin,strata,other_lineages,2875,0.9210434782608695,0.05982608695652174,0.019130434782608695,0.8914770379684255,0.9445017326724696,,,509,2366,0.6542239685658153,0.848,0.29469548133595286,-0.4656188605108055,lineage_group,0.5783085466867469,0.7358523628989595,-0.5465794380972167
results/models/64983779/evaluation_ridge_censored_human_clinical.json,gentamicin,by_reference_class,left_censored,2438,0.992616899097621,0.0,0.007383100902378999,,,,,,,,,,,,,,
results/models/64983779/evaluation_ridge_censored_human_clinical.json,gentamicin,by_reference_class,exact,440,0.3431818181818182,0.6204545454545455,0.03636363636363636,,,,,,,,,,,,,,
results/models/64983779/evaluation_ridge_censored_human_clinical.json,gentamicin,by_reference_class,right_censored,470,0.8340425531914893,0.16595744680851063,0.0,0.6143704850361198,0.8991295196718802,0.10087048032811971,0.38562951496388026,,,,,,,,,,
results/models/64983779/evaluation_ridge_censored_human_clinical.json,gentamicin,strata,SLV:ST131,796,0.8505025125628141,0.13819095477386933,0.011306532663316583,0.8253768844221105,0.8744032663316581,,,127,669,0.2204724409448819,0.7763819095477387,0.05511811023622047,-1.7401574803149606,isolate (single lineage),0.147281121751026,0.29600740740740733,-0.6024734090904604
results/models/64983779/evaluation_ridge_censored_human_clinical.json,gentamicin,strata,other_lineages,2552,0.89576802507837,0.09443573667711598,0.009796238244514107,0.8753012958844987,0.916045289834534,,,313,2239,0.3929712460063898,0.8452194357366771,0.07987220447284345,-1.7252396166134185,lineage_group,0.31750236989288083,0.4950259886400171,-0.5186137901849982
results/models/64983779/evaluation_xgboost_aft_all_sources.json,ceftriaxone,by_reference_class,left_censored,5428,0.9896831245394252,0.0,0.010316875460574797,,,,,,,,,,,,,,
results/models/64983779/evaluation_xgboost_aft_all_sources.json,ceftriaxone,by_reference_class,exact,830,0.736144578313253,0.1891566265060241,0.0746987951807229,,,,,,,,,,,,,,
results/models/64983779/evaluation_xgboost_aft_all_sources.json,ceftriaxone,by_reference_class,right_censored,839,0.833134684147795,0.16686531585220502,0.0,0.6914482577684495,0.8868068762898978,0.11319312371010219,0.30855174223155046,,,,,,,,,,
results/models/64983779/evaluation_xgboost_aft_all_sources.json,ceftriaxone,strata,SLV:ST131,717,0.9037656903765691,0.040446304044630406,0.05578800557880056,0.8828451882845189,0.9246861924686193,,,64,653,0.40625,0.8437935843793585,0.09375,1.15625,isolate (single lineage),0.28357587064676615,0.5211420698101652,-0.7567796500447415
results/models/64983779/evaluation_xgboost_aft_all_sources.json,ceftriaxone,strata,other_lineages,6380,0.9457680250783699,0.04200626959247649,0.012225705329153605,0.9348046596168175,0.9566098839473279,,,766,5614,0.7637075718015666,0.8735109717868339,0.2950391644908616,-0.8159268929503917,lineage_group,0.7100569370206832,0.8022928162293147,-0.4455934437629418
results/models/64983779/evaluation_xgboost_aft_all_sources.json,ciprofloxacin,by_reference_class,left_censored,5888,0.9955842391304348,0.0,0.004415760869565217,,,,,,,,,,,,,,
results/models/64983779/evaluation_xgboost_aft_all_sources.json,ciprofloxacin,by_reference_class,exact,1156,0.5865051903114187,0.36418685121107264,0.04930795847750865,,,,,,,,,,,,,,
results/models/64983779/evaluation_xgboost_aft_all_sources.json,ciprofloxacin,by_reference_class,right_censored,1449,0.9565217391304348,0.043478260869565216,0.0,0.8800862667901806,0.9761768798927324,0.023823120107267653,0.11991373320981934,,,,,,,,,,
results/models/64983779/evaluation_xgboost_aft_all_sources.json,ciprofloxacin,strata,SLV:ST131,1031,0.9127061105722599,0.07177497575169738,0.015518913676042677,0.895247332686712,0.9291949563530553,,,146,885,0.4863013698630137,0.8564500484966052,0.136986301369863,-0.6438356164383562,isolate (single lineage),0.4066666666666667,0.568185905820798,-0.5845343487724701
results/models/64983779/evaluation_xgboost_aft_all_sources.json,ciprofloxacin,strata,other_lineages,7462,0.9360761190029483,0.054945054945054944,0.008978826051996784,0.9263993017955632,0.9454561522902134,,,1010,6452,0.600990099009901,0.8751005092468507,0.1910891089108911,-1.2603960396039604,lineage_group,0.5550161476773783,0.6441726856082031,-0.49520374692130564
results/models/64983779/evaluation_xgboost_aft_all_sources.json,gentamicin,by_reference_class,left_censored,3103,0.9909764743796327,0.0,0.009023525620367387,,,,,,,,,,,,,,
results/models/64983779/evaluation_xgboost_aft_all_sources.json,gentamicin,by_reference_class,exact,5221,0.9078720551618464,0.08484964566175063,0.007278299176402988,,,,,,,,,,,,,,
results/models/64983779/evaluation_xgboost_aft_all_sources.json,gentamicin,by_reference_class,right_censored,1190,0.8857142857142857,0.11428571428571428,0.0,0.8612104336565812,0.9142505854800937,0.08574941451990632,0.13878956634341877,,,,,,,,,,
results/models/64983779/evaluation_xgboost_aft_all_sources.json,gentamicin,strata,SLV:ST131,961,0.8355879292403746,0.15088449531737774,0.013527575442247659,0.8116545265348595,0.858506763787721,,,223,738,0.5022421524663677,0.7315296566077003,0.242152466367713,-1.188340807174888,isolate (single lineage),0.4375,0.5693242574257424,-0.718883148160766
results/models/64983779/evaluation_xgboost_aft_all_sources.json,gentamicin,strata,other_lineages,8553,0.9430609142990763,0.050742429556880624,0.006196656144043026,0.9364267228292749,0.9498981563789882,,,4998,3555,0.9259703881552621,0.6573132234303753,0.5054021608643458,-0.4973989595838335,lineage_group,0.9143641244539927,0.9361055766245361,-1.027845566622217
results/models/64983779/evaluation_xgboost_aft_amr_evo2_all_sources.json,ceftriaxone,by_reference_class,left_censored,5428,0.9863669859985261,0.0,0.013633014001473839,,,,,,,,,,,,,,
results/models/64983779/evaluation_xgboost_aft_amr_evo2_all_sources.json,ceftriaxone,by_reference_class,exact,830,0.6578313253012048,0.26385542168674697,0.0783132530120482,,,,,,,,,,,,,,
results/models/64983779/evaluation_xgboost_aft_amr_evo2_all_sources.json,ceftriaxone,by_reference_class,right_censored,839,0.7556615017878426,0.24433849821215733,0.0,0.5585641068416468,0.8390911051920769,0.16090889480792317,0.4414358931583532,,,,,,,,,,
results/models/64983779/evaluation_xgboost_aft_amr_evo2_all_sources.json,ceftriaxone,strata,SLV:ST131,717,0.8744769874476988,0.058577405857740586,0.06694560669456066,0.8493723849372385,0.898186889818689,,,64,653,0.390625,0.806136680613668,0.1875,1.453125,isolate (single lineage),0.2711231975714647,0.5151633522727272,-0.7760074464002504
results/models/64983779/evaluation_xgboost_aft_amr_evo2_all_sources.json,ceftriaxone,strata,other_lineages,6380,0.9258620689655173,0.05987460815047022,0.014263322884012539,0.9053677826763663,0.9440571748828015,,,766,5614,0.6801566579634465,0.8587774294670847,0.2754569190600522,-0.9451697127937336,lineage_group,0.6279314042147622,0.730965932887705,-0.4791639264565807
results/models/64983779/evaluation_xgboost_aft_amr_evo2_all_sources.json,ciprofloxacin,by_reference_class,left_censored,5888,0.9957540760869565,0.0,0.004245923913043478,,,,,,,,,,,,,,
results/models/64983779/evaluation_xgboost_aft_amr_evo2_all_sources.json,ciprofloxacin,by_reference_class,exact,1156,0.5934256055363322,0.3711072664359862,0.03546712802768166,,,,,,,,,,,,,,
results/models/64983779/evaluation_xgboost_aft_amr_evo2_all_sources.json,ciprofloxacin,by_reference_class,right_censored,1449,0.9572118702553485,0.04278812974465148,0.0,0.87450614201538,0.9799257699305548,0.020074230069445205,0.12549385798461998,,,,,,,,,,
results/models/64983779/evaluation_xgboost_aft_amr_evo2_all_sources.json,ciprofloxacin,strata,SLV:ST131,1031,0.9175557710960233,0.06886517943743937,0.013579049466537343,0.9010669253152279,0.9340446168768186,,,146,885,0.4931506849315068,0.8739088263821533,0.2328767123287671,-0.6027397260273972,isolate (single lineage),0.41133780238997375,0.5793103448275863,-0.5530622494184297
results/models/64983779/evaluation_xgboost_aft_amr_evo2_all_sources.json,ciprofloxacin,strata,other_lineages,7462,0.9367461806486197,0.05628517823639775,0.006968641114982578,0.9253726087870506,0.946633462518638,,,1010,6452,0.6079207920792079,0.8854194585901903,0.2732673267326733,-1.187128712871287,lineage_group,0.5584058931911449,0.6575569032644504,-0.474518968968104
results/models/64983779/evaluation_xgboost_aft_amr_evo2_all_sources.json,gentamicin,by_reference_class,left_censored,3103,0.9887205929745407,0.0,0.011279407025459234,,,,,,,,,,,,,,
results/models/64983779/evaluation_xgboost_aft_amr_evo2_all_sources.json,gentamicin,by_reference_class,exact,5221,0.9101704654280789,0.08006129094043286,0.00976824363148822,,,,,,,,,,,,,,
results/models/64983779/evaluation_xgboost_aft_amr_evo2_all_sources.json,gentamicin,by_reference_class,right_censored,1190,0.9067226890756303,0.09327731092436975,0.0,0.8724972101373097,0.9287333791010262,0.07126662089897384,0.12750278986269023,,,,,,,,,,
results/models/64983779/evaluation_xgboost_aft_amr_evo2_all_sources.json,gentamicin,strata,SLV:ST131,961,0.8699271592091571,0.11758584807492195,0.012486992715920915,0.8480749219562955,0.8917793964620188,,,223,738,0.5560538116591929,0.7492195629552549,0.25112107623318386,-1.0582959641255605,isolate (single lineage),0.49114232361776405,0.6202008928571429,-0.6905256978506725
results/models/64983779/evaluation_xgboost_aft_amr_evo2_all_sources.json,gentamicin,strata,other_lineages,8553,0.9427101601777155,0.04863790482871507,0.008651934993569508,0.9339774285624315,0.9515564137515707,,,4998,3555,0.9259703881552621,0.6600023383608091,0.5034013605442177,-0.47799119647859145,lineage_group,0.916389404473221,0.93543269841692,-1.01952656100762
results/models/64983779/evaluation_xgboost_aft_amr_evo2_human_clinical.json,ceftriaxone,by_reference_class,left_censored,2034,0.9729596853490659,0.0,0.02704031465093412,,,,,,,,,,,,,,
results/models/64983779/evaluation_xgboost_aft_amr_evo2_human_clinical.json,ceftriaxone,by_reference_class,exact,157,0.4840764331210191,0.1910828025477707,0.3248407643312102,,,,,,,,,,,,,,
results/models/64983779/evaluation_xgboost_aft_amr_evo2_human_clinical.json,ceftriaxone,by_reference_class,right_censored,631,0.8320126782884311,0.16798732171156894,0.0,0.6940206537733866,0.8816123746588704,0.1183876253411295,0.3059793462266134,,,,,,,,,,
results/models/64983779/evaluation_xgboost_aft_amr_evo2_human_clinical.json,ceftriaxone,strata,SLV:ST131,627,0.8676236044657097,0.046251993620414676,0.0861244019138756,0.8404704944178628,0.8947368421052632,,,60,567,0.45,0.7432216905901117,0.15,1.7833333333333334,isolate (single lineage),0.32605166572557875,0.5781455592105262,-0.9383518122838841
results/models/64983779/evaluation_xgboost_aft_amr_evo2_human_clinical.json,ceftriaxone,strata,other_lineages,2195,0.9275626423690205,0.04874715261958998,0.02369020501138952,0.8946914486073566,0.9517550968182206,,,97,2098,0.5051546391752577,0.883371298405467,0.20618556701030927,-0.5154639175257731,lineage_group,0.413038492221779,0.5977139778325123,-0.4394782263240478
results/models/64983779/evaluation_xgboost_aft_amr_evo2_human_clinical.json,ciprofloxacin,by_reference_class,left_censored,1969,0.9903504316912138,0.0,0.009649568308786187,,,,,,,,,,,,,,
results/models/64983779/evaluation_xgboost_aft_amr_evo2_human_clinical.json,ciprofloxacin,by_reference_class,exact,647,0.5935085007727975,0.21638330757341576,0.1901081916537867,,,,,,,,,,,,,,
results/models/64983779/evaluation_xgboost_aft_amr_evo2_human_clinical.json,ciprofloxacin,by_reference_class,right_censored,1193,0.9589270746018441,0.04107292539815591,0.0,0.8593170657428909,0.9785887135693635,0.021411286430636438,0.1406829342571091,,,,,,,,,,
results/models/64983779/evaluation_xgboost_aft_amr_evo2_human_clinical.json,ciprofloxacin,strata,SLV:ST131,934,0.9089935760171306,0.059957173447537475,0.031049250535331904,0.8897216274089935,0.9271948608137045,,,138,796,0.4855072463768116,0.8319057815845824,0.11594202898550725,-0.18840579710144928,isolate (single lineage),0.4027754474272931,0.5669350099894229,-0.6156025744375888
results/models/64983779/evaluation_xgboost_aft_amr_evo2_human_clinical.json,ciprofloxacin,strata,other_lineages,2875,0.9144347826086957,0.04626086956521739,0.03930434782608696,0.8857303057953928,0.9373102539897694,,,509,2366,0.6227897838899804,0.8306086956521739,0.23772102161100198,0.11198428290766209,lineage_group,0.5583622524939404,0.6954040726550305,-0.6260980155386993
results/models/64983779/evaluation_xgboost_aft_amr_evo2_human_clinical.json,gentamicin,by_reference_class,left_censored,2438,0.9913863822805579,0.0,0.008613617719442166,,,,,,,,,,,,,,
results/models/64983779/evaluation_xgboost_aft_amr_evo2_human_clinical.json,gentamicin,by_reference_class,exact,440,0.5772727272727273,0.36818181818181817,0.05454545454545454,,,,,,,,,,,,,,
results/models/64983779/evaluation_xgboost_aft_amr_evo2_human_clinical.json,gentamicin,by_reference_class,right_censored,470,0.8595744680851064,0.14042553191489363,0.0,0.6571121351766513,0.9119088573143209,0.08809114268567902,0.34288786482334854,,,,,,,,,,
results/models/64983779/evaluation_xgboost_aft_amr_evo2_human_clinical.json,gentamicin,strata,SLV:ST131,796,0.8894472361809045,0.0942211055276382,0.016331658291457288,0.8668341708542714,0.9108040201005025,,,127,669,0.4645669291338583,0.7889447236180904,0.1732283464566929,-0.9921259842519685,isolate (single lineage),0.3821138211382114,0.5484069275515598,-0.5867327725314697
results/models/64983779/evaluation_xgboost_aft_amr_evo2_human_clinical.json,gentamicin,strata,other_lineages,2552,0.9275078369905956,0.05995297805642633,0.012539184952978056,0.9066027925350515,0.9446668592321791,,,313,2239,0.6230031948881789,0.8628526645768025,0.21405750798722045,-1.0511182108626198,lineage_group,0.5616747259832366,0.6858448609139508,-0.4545883032113983
results/models/64983779/evaluation_xgboost_aft_evo2_all_sources.json,ceftriaxone,by_reference_class,left_censored,5428,0.9780766396462786,0.0,0.021923360353721444,,,,,,,,,,,,,,
results/models/64983779/evaluation_xgboost_aft_evo2_all_sources.json,ceftriaxone,by_reference_class,exact,830,0.45180722891566266,0.5024096385542168,0.04578313253012048,,,,,,,,,,,,,,
results/models/64983779/evaluation_xgboost_aft_evo2_all_sources.json,ceftriaxone,by_reference_class,right_censored,839,0.5792610250297974,0.42073897497020263,0.0,0.40384114583333336,0.6600979251465234,0.33990207485347657,0.5961588541666666,,,,,,,,,,
results/models/64983779/evaluation_xgboost_aft_evo2_all_sources.json,ceftriaxone,strata,SLV:ST131,717,0.796373779637378,0.15620641562064155,0.04741980474198047,0.7656903765690377,0.8256624825662483,,,64,653,0.515625,0.5760111576011158,0.171875,0.015625,isolate (single lineage),0.39211856617647056,0.6451612903225806,-1.021847613839074
results/models/64983779/evaluation_xgboost_aft_evo2_all_sources.json,ceftriaxone,strata,other_lineages,6380,0.8775862068965518,0.10313479623824451,0.019278996865203762,0.8530209486118462,0.9044422866415732,,,766,5614,0.4464751958224543,0.8241379310344827,0.16971279373368145,-1.985639686684073,lineage_group,0.3803236344645231,0.49583625942481796,-0.6832186380459031
results/models/64983779/evaluation_xgboost_aft_evo2_all_sources.json,ciprofloxacin,by_reference_class,left_censored,5888,0.9952445652173914,0.0,0.004755434782608696,,,,,,,,,,,,,,
results/models/64983779/evaluation_xgboost_aft_evo2_all_sources.json,ciprofloxacin,by_reference_class,exact,1156,0.5562283737024222,0.39878892733564014,0.04498269896193772,,,,,,,,,,,,,,
results/models/64983779/evaluation_xgboost_aft_evo2_all_sources.json,ciprofloxacin,by_reference_class,right_censored,1449,0.9371980676328503,0.06280193236714976,0.0,0.814804706453178,0.9677315416607604,0.03226845833923956,0.18519529354682188,,,,,,,,,,
results/models/64983779/evaluation_xgboost_aft_evo2_all_sources.json,ciprofloxacin,strata,SLV:ST131,1031,0.9030067895247332,0.07565470417070805,0.02133850630455868,0.8855480116391853,0.9214354995150339,,,146,885,0.4178082191780822,0.8525703200775946,0.136986301369863,-0.9041095890410958,isolate (single lineage),0.3402742346938776,0.5,-0.6115682720657923
results/models/64983779/evaluation_xgboost_aft_evo2_all_sources.json,ciprofloxacin,strata,other_lineages,7462,0.9287054409005628,0.06352184400964889,0.0077727150897882605,0.9146114121074312,0.9430074376770331,,,1010,6452,0.5762376237623762,0.8713481640310908,0.22178217821782178,-1.2772277227722773,lineage_group,0.5,0.6622530093733248,-0.5241469639667453
results/models/64983779/evaluation_xgboost_aft_evo2_all_sources.json,gentamicin,by_reference_class,left_censored,3103,0.9767966484047695,0.0,0.02320335159523042,,,,,,,,,,,,,,
results/models/64983779/evaluation_xgboost_aft_evo2_all_sources.json,gentamicin,by_reference_class,exact,5221,0.8883355678988699,0.08714805592798315,0.024516376173146906,,,,,,,,,,,,,,
results/models/64983779/evaluation_xgboost_aft_evo2_all_sources.json,gentamicin,by_reference_class,right_censored,1190,0.7277310924369748,0.2722689075630252,0.0,0.6769313633744137,0.78846454058876,0.21153545941123997,0.32306863662558616,,,,,,,,,,
results/models/64983779/evaluation_xgboost_aft_evo2_all_sources.json,gentamicin,strata,SLV:ST131,961,0.826222684703434,0.14984391259105098,0.023933402705515087,0.8012486992715921,0.850156087408949,,,223,738,0.6905829596412556,0.6337148803329865,0.3004484304932735,-0.7130044843049327,isolate (single lineage),0.6322869955156951,0.75,-0.9005635399880094
results/models/64983779/evaluation_xgboost_aft_evo2_all_sources.json,gentamicin,strata,other_lineages,8553,0.9050625511516427,0.07424295568806266,0.020694493160294633,0.8836061223812337,0.9249941003608296,,,4998,3555,0.8971588635454182,0.6092599088039284,0.4673869547819128,-0.43857543017206885,lineage_group,0.8800632389533947,0.9153874249168895,-1.1033117750505845
results/models/64983779/evaluation_xgboost_aft_evo2_human_clinical.json,ceftriaxone,by_reference_class,left_censored,2034,0.9557522123893806,0.0,0.04424778761061947,,,,,,,,,,,,,,
results/models/64983779/evaluation_xgboost_aft_evo2_human_clinical.json,ceftriaxone,by_reference_class,exact,157,0.4012738853503185,0.21656050955414013,0.3821656050955414,,,,,,,,,,,,,,
results/models/64983779/evaluation_xgboost_aft_evo2_human_clinical.json,ceftriaxone,by_reference_class,right_censored,631,0.7908082408874801,0.2091917591125198,0.0,0.606547882777391,0.8636992274369767,0.13630077256302334,0.393452117222609,,,,,,,,,,
results/models/64983779/evaluation_xgboost_aft_evo2_human_clinical.json,ceftriaxone,strata,SLV:ST131,627,0.8293460925039873,0.04146730462519936,0.1291866028708134,0.7990430622009569,0.8580940988835724,,,60,567,0.36666666666666664,0.7559808612440191,0.16666666666666666,2.033333333333333,isolate (single lineage),0.24489795918367346,0.49056603773584906,-1.010368064286755
results/models/64983779/evaluation_xgboost_aft_evo2_human_clinical.json,ceftriaxone,strata,other_lineages,2195,0.9047835990888383,0.06378132118451026,0.03143507972665148,0.8599135410803417,0.9405148652927994,,,97,2098,0.422680412371134,0.8460136674259681,0.17525773195876287,-0.6288659793814433,lineage_group,0.3333333333333333,0.521772575250836,-0.528957124697912
results/models/64983779/evaluation_xgboost_aft_evo2_human_clinical.json,ciprofloxacin,by_reference_class,left_censored,1969,0.9852717115286947,0.0,0.014728288471305232,,,,,,,,,,,,,,
results/models/64983779/evaluation_xgboost_aft_evo2_human_clinical.json,ciprofloxacin,by_reference_class,exact,647,0.6352395672333848,0.19783616692426584,0.16692426584234932,,,,,,,,,,,,,,
results/models/64983779/evaluation_xgboost_aft_evo2_human_clinical.json,ciprofloxacin,by_reference_class,right_censored,1193,0.4157585917854149,0.584241408214585,0.0,0.1354196662923593,0.9348743085715541,0.06512569142844583,0.8645803337076405,,,,,,,,,,
results/models/64983779/evaluation_xgboost_aft_evo2_human_clinical.json,ciprofloxacin,strata,SLV:ST131,934,0.25374732334047106,0.708779443254818,0.03747323340471092,0.2259100642398287,0.2826552462526767,,,138,796,0.5942028985507246,0.17130620985010706,0.16666666666666666,-0.10869565217391304,isolate (single lineage),0.513629887011299,0.68,-3.019829707427629
results/models/64983779/evaluation_xgboost_aft_evo2_human_clinical.json,ciprofloxacin,strata,other_lineages,2875,0.9078260869565218,0.05669565217391304,0.035478260869565216,0.8825067559429057,0.9288467659590087,,,509,2366,0.6463654223968566,0.8302608695652174,0.29273084479371314,-0.13948919449901767,lineage_group,0.5892584622118471,0.7029212468001806,-0.6456844748526026
results/models/64983779/evaluation_xgboost_aft_evo2_human_clinical.json,gentamicin,by_reference_class,left_censored,2438,0.9844134536505332,0.0,0.015586546349466776,,,,,,,,,,,,,,
results/models/64983779/evaluation_xgboost_aft_evo2_human_clinical.json,gentamicin,by_reference_class,exact,440,0.5772727272727273,0.3522727272727273,0.07045454545454545,,,,,,,,,,,,,,
results/models/64983779/evaluation_xgboost_aft_evo2_human_clinical.json,gentamicin,by_reference_class,right_censored,470,0.6574468085106383,0.3425531914893617,0.0,0.4264498491704374,0.7234281198449006,0.2765718801550994,0.5735501508295624,,,,,,,,,,
results/models/64983779/evaluation_xgboost_aft_evo2_human_clinical.json,gentamicin,strata,SLV:ST131,796,0.821608040201005,0.14949748743718594,0.028894472361809045,0.7952261306532663,0.8479899497487438,,,127,669,0.49606299212598426,0.7060301507537688,0.16535433070866143,-0.984251968503937,isolate (single lineage),0.4076923076923077,0.5845130102649797,-0.7865915505476736
results/models/64983779/evaluation_xgboost_aft_evo2_human_clinical.json,gentamicin,strata,other_lineages,2552,0.9047805642633229,0.07719435736677116,0.018025078369905956,0.8714167394023673,0.932219150882719,,,313,2239,0.610223642172524,0.8389498432601881,0.22044728434504793,-0.9361022364217252,lineage_group,0.554107323902863,0.6618239738101234,-0.5114813107639721
results/models/64983779/evaluation_xgboost_aft_human_clinical.json,ceftriaxone,by_reference_class,left_censored,2034,0.9882005899705014,0.0,0.011799410029498525,,,,,,,,,,,,,,
results/models/64983779/evaluation_xgboost_aft_human_clinical.json,ceftriaxone,by_reference_class,exact,157,0.49044585987261147,0.21019108280254778,0.29936305732484075,,,,,,,,,,,,,,
results/models/64983779/evaluation_xgboost_aft_human_clinical.json,ceftriaxone,by_reference_class,right_censored,631,0.8462757527733756,0.1537242472266244,0.0,0.7025792037157522,0.9003705585625391,0.09962944143746087,0.2974207962842478,,,,,,,,,,
results/models/64983779/evaluation_xgboost_aft_human_clinical.json,ceftriaxone,strata,SLV:ST131,627,0.8915470494417863,0.04146730462519936,0.06698564593301436,0.8676236044657097,0.9154704944178629,,,60,567,0.35,0.8389154704944178,0.016666666666666666,1.5166666666666666,isolate (single lineage),0.23635732323232322,0.4697192513368983,-0.898938012081086
results/models/64983779/evaluation_xgboost_aft_human_clinical.json,ceftriaxone,strata,other_lineages,2195,0.9394077448747152,0.04738041002277904,0.013211845102505695,0.9062236638483219,0.9631728570560603,,,97,2098,0.5773195876288659,0.8952164009111617,0.1958762886597938,-0.9175257731958762,lineage_group,0.4843623991935484,0.6724216300940439,-0.5015922623054982
results/models/64983779/evaluation_xgboost_aft_human_clinical.json,ciprofloxacin,by_reference_class,left_censored,1969,0.98933468765871,0.0,0.010665312341289994,,,,,,,,,,,,,,
results/models/64983779/evaluation_xgboost_aft_human_clinical.json,ciprofloxacin,by_reference_class,exact,647,0.6275115919629057,0.26120556414219476,0.11128284389489954,,,,,,,,,,,,,,
results/models/64983779/evaluation_xgboost_aft_human_clinical.json,ciprofloxacin,by_reference_class,right_censored,1193,0.9589270746018441,0.04107292539815591,0.0,0.8599218882183747,0.9781425973804585,0.021857402619541437,0.14007811178162527,,,,,,,,,,
results/models/64983779/evaluation_xgboost_aft_human_clinical.json,ciprofloxacin,strata,SLV:ST131,934,0.8961456102783726,0.06423982869379015,0.03961456102783726,0.8758029978586723,0.9154175588865097,,,138,796,0.4057971014492754,0.8436830835117773,0.13768115942028986,-0.16666666666666666,isolate (single lineage),0.32857142857142857,0.4880047244094488,-0.6456654206139494
results/models/64983779/evaluation_xgboost_aft_human_clinical.json,ciprofloxacin,strata,other_lineages,2875,0.9255652173913044,0.05495652173913043,0.019478260869565216,0.9015503058254015,0.9449425168836797,,,509,2366,0.68762278978389,0.8299130434782609,0.19646365422396855,-0.15717092337917485,lineage_group,0.6322131054012842,0.7500151331719127,-0.6318741281949838
results/models/64983779/evaluation_xgboost_aft_human_clinical.json,gentamicin,by_reference_class,left_censored,2438,0.9917965545529123,0.0,0.008203445447087777,,,,,,,,,,,,,,
results/models/64983779/evaluation_xgboost_aft_human_clinical.json,gentamicin,by_reference_class,exact,440,0.4409090909090909,0.5136363636363637,0.045454545454545456,,,,,,,,,,,,,,
results/models/64983779/evaluation_xgboost_aft_human_clinical.json,gentamicin,by_reference_class,right_censored,470,0.8127659574468085,0.18723404255319148,0.0,0.7134419039401783,0.8395835110921502,0.16041648890784985,0.28655809605982163,,,,,,,,,,
results/models/64983779/evaluation_xgboost_aft_human_clinical.json,gentamicin,strata,SLV:ST131,796,0.8203517587939698,0.16959798994974876,0.010050251256281407,0.7939698492462312,0.8467336683417085,,,127,669,0.25196850393700787,0.7437185929648241,0.05511811023622047,-1.6299212598425197,isolate (single lineage),0.17645882352941178,0.3253968253968254,-0.6472678148535751
results/models/64983779/evaluation_xgboost_aft_human_clinical.json,gentamicin,strata,other_lineages,2552,0.917319749216301,0.07014106583072101,0.012539184952978056,0.898402262127722,0.935485154615355,,,313,2239,0.5175718849840255,0.8538401253918495,0.15654952076677317,-1.293929712460064,lineage_group,0.43998191214470284,0.5971568167735668,-0.49594402416728883
results/models/65006995/evaluation_ridge_censored_all_sources.json,ceftriaxone,by_reference_class,left_censored,5428,0.9931834929992631,0.0,0.0068165070007369195,,,,,,,,,,,,,,
results/models/65006995/evaluation_ridge_censored_all_sources.json,ceftriaxone,by_reference_class,exact,830,0.5590361445783133,0.29518072289156627,0.14578313253012049,,,,,,,,,,,,,,
results/models/65006995/evaluation_ridge_censored_all_sources.json,ceftriaxone,by_reference_class,right_censored,839,0.8545887961859356,0.14541120381406436,0.0,0.7131562454185604,0.9066928154823547,0.09330718451764522,0.2868437545814397,,,,,,,,,,
results/models/65006995/evaluation_ridge_censored_all_sources.json,ceftriaxone,strata,SLV:ST131,717,0.898186889818689,0.03347280334728033,0.06834030683403068,0.8758368200836819,0.9191073919107392,,,64,653,0.21875,0.8675034867503487,0.0625,2.609375,isolate (single lineage),0.12280701754385964,0.3275932730356133,-0.7006501071667423
results/models/65006995/evaluation_ridge_censored_all_sources.json,ceftriaxone,strata,other_lineages,6380,0.929153605015674,0.05376175548589342,0.017084639498432603,0.9164996080976405,0.9426639175010684,,,766,5614,0.587467362924282,0.8768025078369905,0.21801566579634465,-0.7859007832898173,lineage_group,0.5255770399065848,0.6386710524699319,-0.4096540179762449
results/models/65006995/evaluation_ridge_censored_all_sources.json,ciprofloxacin,by_reference_class,left_censored,5888,0.9955842391304348,0.0,0.004415760869565217,,,,,,,,,,,,,,
results/models/65006995/evaluation_ridge_censored_all_sources.json,ciprofloxacin,by_reference_class,exact,1156,0.46453287197231835,0.4870242214532872,0.04844290657439446,,,,,,,,,,,,,,
results/models/65006995/evaluation_ridge_censored_all_sources.json,ciprofloxacin,by_reference_class,right_censored,1449,0.9599723947550034,0.04002760524499655,0.0,0.8844657976827095,0.9798672601031464,0.020132739896853595,0.11553420231729053,,,,,,,,,,
results/models/65006995/evaluation_ridge_censored_all_sources.json,ciprofloxacin,strata,SLV:ST131,1031,0.9078564500484966,0.07759456838021339,0.014548981571290009,0.8894277400581959,0.9253394762366633,,,146,885,0.4315068493150685,0.8671193016488846,0.17123287671232876,-0.910958904109589,isolate (single lineage),0.34814814814814815,0.514931026684758,-0.511475697797278
results/models/65006995/evaluation_ridge_censored_all_sources.json,ciprofloxacin,strata,other_lineages,7462,0.9185205038863575,0.07250067006164568,0.008978826051996784,0.9032886277573461,0.9322555421734905,,,1010,6452,0.4693069306930693,0.8689359421066738,0.13267326732673268,-1.7138613861386138,lineage_group,0.4145360098919363,0.5222863699818096,-0.45660388244310474
results/models/65006995/evaluation_ridge_censored_all_sources.json,gentamicin,by_reference_class,left_censored,3103,0.9883983242023848,0.0,0.01160167579761521,,,,,,,,,,,,,,
results/models/65006995/evaluation_ridge_censored_all_sources.json,gentamicin,by_reference_class,exact,5221,0.9086381919172573,0.08159356445125455,0.00976824363148822,,,,,,,,,,,,,,
results/models/65006995/evaluation_ridge_censored_all_sources.json,gentamicin,by_reference_class,right_censored,1190,0.8394957983193277,0.16050420168067228,0.0,0.8004494372550773,0.8938780923509987,0.10612190764900124,0.1995505627449227,,,,,,,,,,
results/models/65006995/evaluation_ridge_censored_all_sources.json,gentamicin,strata,SLV:ST131,961,0.8251821019771072,0.16337148803329865,0.011446409989594173,0.7991675338189386,0.8480749219562955,,,223,738,0.5739910313901345,0.7273673257023934,0.23318385650224216,-1.1076233183856503,isolate (single lineage),0.508117184598242,0.639269406392694,-0.8936702435413801
results/models/65006995/evaluation_ridge_censored_all_sources.json,gentamicin,strata,other_lineages,8553,0.9373319303168479,0.05378229860867532,0.008885771074476792,0.9286447754252125,0.9464661912587196,,,4998,3555,0.9235694277711084,0.6455045013445575,0.5108043217286915,-0.49339735894357745,lineage_group,0.9118387398967872,0.934887812447066,-0.9759062573409518
results/models/65006995/evaluation_ridge_censored_amr_evo2_all_sources.json,ceftriaxone,by_reference_class,left_censored,5428,0.9913411938098747,0.0,0.008658806190125276,,,,,,,,,,,,,,
results/models/65006995/evaluation_ridge_censored_amr_evo2_all_sources.json,ceftriaxone,by_reference_class,exact,830,0.5975903614457831,0.2710843373493976,0.13132530120481928,,,,,,,,,,,,,,
results/models/65006995/evaluation_ridge_censored_amr_evo2_all_sources.json,ceftriaxone,by_reference_class,right_censored,839,0.8522050059594756,0.14779499404052443,0.0,0.7081988881778915,0.9061904519543974,0.0938095480456026,0.2918011118221084,,,,,,,,,,
results/models/65006995/evaluation_ridge_censored_amr_evo2_all_sources.json,ceftriaxone,strata,SLV:ST131,717,0.8967921896792189,0.03626220362622036,0.06694560669456066,0.8744769874476988,0.9191073919107392,,,64,653,0.234375,0.8661087866108786,0.109375,2.109375,isolate (single lineage),0.13333333333333333,0.3442622950819672,-0.6690164051420923
results/models/65006995/evaluation_ridge_censored_amr_evo2_all_sources.json,ceftriaxone,strata,other_lineages,6380,0.9324451410658308,0.0506269592476489,0.016927899686520375,0.919031702922897,0.9467618284149993,,,766,5614,0.6279373368146214,0.8780564263322884,0.23759791122715404,-0.7454308093994778,lineage_group,0.5559929618768329,0.6833360927152318,-0.40039641219757227
results/models/65006995/evaluation_ridge_censored_amr_evo2_all_sources.json,ciprofloxacin,by_reference_class,left_censored,5888,0.9940557065217391,0.0,0.00594429347826087,,,,,,,,,,,,,,
results/models/65006995/evaluation_ridge_censored_amr_evo2_all_sources.json,ciprofloxacin,by_reference_class,exact,1156,0.5484429065743944,0.3875432525951557,0.06401384083044982,,,,,,,,,,,,,,
results/models/65006995/evaluation_ridge_censored_amr_evo2_all_sources.json,ciprofloxacin,by_reference_class,right_censored,1449,0.9620427881297446,0.03795721187025535,0.0,0.8919861847236149,0.9789339727368838,0.02106602726311623,0.10801381527638507,,,,,,,,,,
results/models/65006995/evaluation_ridge_censored_amr_evo2_all_sources.json,ciprofloxacin,strata,SLV:ST131,1031,0.9408341416100873,0.04364694471387003,0.015518913676042677,0.9262851600387972,0.9544131910766246,,,146,885,0.678082191780822,0.88360814742968,0.3082191780821918,-0.13013698630136986,isolate (single lineage),0.597217039800995,0.748388111178738,-0.5090465569151258
results/models/65006995/evaluation_ridge_censored_amr_evo2_all_sources.json,ciprofloxacin,strata,other_lineages,7462,0.9261592066470116,0.0613776467435004,0.012463146609488072,0.9133251248431669,0.937684934972268,,,1010,6452,0.5297029702970297,0.8738943982846422,0.19504950495049506,-1.3198019801980199,lineage_group,0.47633546467787086,0.5712756465249081,-0.4551347855567602
results/models/65006995/evaluation_ridge_censored_amr_evo2_all_sources.json,gentamicin,by_reference_class,left_censored,3103,0.9874315178859169,0.0,0.012568482114083145,,,,,,,,,,,,,,
results/models/65006995/evaluation_ridge_censored_amr_evo2_all_sources.json,gentamicin,by_reference_class,exact,5221,0.9138096150162804,0.07661367554108409,0.00957670944263551,,,,,,,,,,,,,,
results/models/65006995/evaluation_ridge_censored_amr_evo2_all_sources.json,gentamicin,by_reference_class,right_censored,1190,0.8453781512605042,0.1546218487394958,0.0,0.814983109733679,0.8878339671188301,0.11216603288116996,0.18501689026632084,,,,,,,,,,
results/models/65006995/evaluation_ridge_censored_amr_evo2_all_sources.json,gentamicin,strata,SLV:ST131,961,0.8522372528616025,0.13527575442247658,0.012486992715920915,0.8293444328824141,0.8740894901144641,,,223,738,0.6681614349775785,0.7346514047866806,0.25112107623318386,-0.9506726457399103,isolate (single lineage),0.6053716367713005,0.7264677702929614,-0.8527329162227784
results/models/65006995/evaluation_ridge_censored_amr_evo2_all_sources.json,gentamicin,strata,other_lineages,8553,0.9379165205191161,0.053080790365953465,0.009002689114930434,0.9295557290207328,0.9462603338334576,,,4998,3555,0.9247699079631853,0.638138664795978,0.5098039215686274,-0.47498999599839936,lineage_group,0.9144326448804986,0.9350905451104509,-0.974539698740061
results/models/65006995/evaluation_ridge_censored_amr_evo2_human_clinical.json,ceftriaxone,by_reference_class,left_censored,2034,0.9872173058013766,0.0,0.012782694198623401,,,,,,,,,,,,,,
results/models/65006995/evaluation_ridge_censored_amr_evo2_human_clinical.json,ceftriaxone,by_reference_class,exact,157,0.2802547770700637,0.19745222929936307,0.5222929936305732,,,,,,,,,,,,,,
results/models/65006995/evaluation_ridge_censored_amr_evo2_human_clinical.json,ceftriaxone,by_reference_class,right_censored,631,0.8906497622820919,0.10935023771790808,0.0,0.7746936084393422,0.9283937794439481,0.07160622055605188,0.2253063915606575,,,,,,,,,,
results/models/65006995/evaluation_ridge_censored_amr_evo2_human_clinical.json,ceftriaxone,strata,SLV:ST131,627,0.8803827751196173,0.028708133971291867,0.09090909090909091,0.8548644338118022,0.9059011164274322,,,60,567,0.11666666666666667,0.861244019138756,0.05,4.366666666666666,isolate (single lineage),0.037037037037037035,0.20636288998357954,-0.6508992800004446
results/models/65006995/evaluation_ridge_censored_amr_evo2_human_clinical.json,ceftriaxone,strata,other_lineages,2195,0.9394077448747152,0.03735763097949886,0.023234624145785875,0.9159519074190676,0.9567813950070339,,,97,2098,0.38144329896907214,0.9193621867881548,0.14432989690721648,0.14432989690721648,lineage_group,0.28407196969696974,0.45206294846705797,-0.2970714318014481
results/models/65006995/evaluation_ridge_censored_amr_evo2_human_clinical.json,ciprofloxacin,by_reference_class,left_censored,1969,0.9883189436262062,0.0,0.011681056373793804,,,,,,,,,,,,,,
results/models/65006995/evaluation_ridge_censored_amr_evo2_human_clinical.json,ciprofloxacin,by_reference_class,exact,647,0.5826893353941267,0.321483771251932,0.09582689335394126,,,,,,,,,,,,,,
results/models/65006995/evaluation_ridge_censored_amr_evo2_human_clinical.json,ciprofloxacin,by_reference_class,right_censored,1193,0.9580888516345348,0.041911148365465216,0.0,0.8651990525265958,0.9740958674950552,0.025904132504944808,0.134800947473404,,,,,,,,,,
results/models/65006995/evaluation_ridge_censored_amr_evo2_human_clinical.json,ciprofloxacin,strata,SLV:ST131,934,0.880085653104925,0.09850107066381156,0.021413276231263382,0.8586456102783726,0.9014989293361885,,,138,796,0.3188405797101449,0.8254817987152034,0.10144927536231885,-0.782608695652174,isolate (single lineage),0.2430453431372549,0.3972625419577247,-0.5635540599533346
results/models/65006995/evaluation_ridge_censored_amr_evo2_human_clinical.json,ciprofloxacin,strata,other_lineages,2875,0.9196521739130434,0.057739130434782605,0.022608695652173914,0.8922896168400876,0.9416599723107504,,,509,2366,0.6542239685658153,0.8386086956521739,0.24361493123772102,-0.4636542239685658,lineage_group,0.5882287436132583,0.7233050387807127,-0.5636756318324125
results/models/65006995/evaluation_ridge_censored_amr_evo2_human_clinical.json,gentamicin,by_reference_class,left_censored,2438,0.9922067268252666,0.0,0.007793273174733388,,,,,,,,,,,,,,
results/models/65006995/evaluation_ridge_censored_amr_evo2_human_clinical.json,gentamicin,by_reference_class,exact,440,0.5272727272727272,0.4022727272727273,0.07045454545454545,,,,,,,,,,,,,,
results/models/65006995/evaluation_ridge_censored_amr_evo2_human_clinical.json,gentamicin,by_reference_class,right_censored,470,0.8595744680851064,0.14042553191489363,0.0,0.6491228070175439,0.9175834202294055,0.08241657977059437,0.3508771929824561,,,,,,,,,,
results/models/65006995/evaluation_ridge_censored_amr_evo2_human_clinical.json,gentamicin,strata,SLV:ST131,796,0.8994974874371859,0.08165829145728644,0.018844221105527637,0.8781092964824121,0.9195979899497487,,,127,669,0.5039370078740157,0.8241206030150754,0.11811023622047244,-0.9291338582677166,isolate (single lineage),0.41777968036529683,0.5887355252274606,-0.5428944175959431
results/models/65006995/evaluation_ridge_censored_amr_evo2_human_clinical.json,gentamicin,strata,other_lineages,2552,0.9165360501567398,0.06974921630094044,0.01371473354231975,0.8931126821940999,0.9352342935246059,,,313,2239,0.536741214057508,0.8526645768025078,0.16932907348242812,-1.1757188498402555,lineage_group,0.4660752641979552,0.600620780016695,-0.47608727432283404
results/models/65006995/evaluation_ridge_censored_evo2_all_sources.json,ceftriaxone,by_reference_class,left_censored,5428,0.9826823876197495,0.0,0.017317612380250553,,,,,,,,,,,,,,
results/models/65006995/evaluation_ridge_censored_evo2_all_sources.json,ceftriaxone,by_reference_class,exact,830,0.25180722891566265,0.5132530120481927,0.23493975903614459,,,,,,,,,,,,,,
results/models/65006995/evaluation_ridge_censored_evo2_all_sources.json,ceftriaxone,by_reference_class,right_censored,839,0.7616209773539928,0.23837902264600716,0.0,0.6074976851851852,0.8141249356764578,0.18587506432354217,0.3925023148148148,,,,,,,,,,
results/models/65006995/evaluation_ridge_censored_evo2_all_sources.json,ceftriaxone,strata,SLV:ST131,717,0.8312412831241283,0.08647140864714087,0.08228730822873083,0.8047419804741981,0.8577405857740585,,,64,653,0.171875,0.7768479776847977,0.0625,2.515625,isolate (single lineage),0.08,0.26666666666666666,-0.6263574690020759
results/models/65006995/evaluation_ridge_censored_evo2_all_sources.json,ceftriaxone,strata,other_lineages,6380,0.8755485893416928,0.08840125391849529,0.03605015673981191,0.8504177630614921,0.9015533666758859,,,766,5614,0.2584856396866841,0.8407523510971787,0.08485639686684072,-1.664490861618799,lineage_group,0.212959255021612,0.2937974740495003,-0.5102333332779286
results/models/65006995/evaluation_ridge_censored_evo2_all_sources.json,ciprofloxacin,by_reference_class,left_censored,5888,0.9952445652173914,0.0,0.004755434782608696,,,,,,,,,,,,,,
results/models/65006995/evaluation_ridge_censored_evo2_all_sources.json,ciprofloxacin,by_reference_class,exact,1156,0.43685121107266434,0.5060553633217993,0.05709342560553633,,,,,,,,,,,,,,
results/models/65006995/evaluation_ridge_censored_evo2_all_sources.json,ciprofloxacin,by_reference_class,right_censored,1449,0.9475500345065563,0.05244996549344375,0.0,0.849562354602858,0.9697804005674028,0.03021959943259722,0.15043764539714183,,,,,,,,,,
results/models/65006995/evaluation_ridge_censored_evo2_all_sources.json,ciprofloxacin,strata,SLV:ST131,1031,0.9010669253152279,0.08535402521823472,0.013579049466537343,0.8826139670223084,0.918525703200776,,,146,885,0.4178082191780822,0.8496605237633366,0.21232876712328766,-0.9315068493150684,isolate (single lineage),0.3352794411177645,0.49624199387357276,-0.5371749086539301
results/models/65006995/evaluation_ridge_censored_evo2_all_sources.json,ciprofloxacin,strata,other_lineages,7462,0.9124899490753149,0.07678906459394265,0.010720986330742428,0.897667761088428,0.9264818008815441,,,1010,6452,0.4396039603960396,0.8627713749664969,0.15643564356435644,-1.6603960396039603,lineage_group,0.3662302003816794,0.5015356387199152,-0.47964637951004274
results/models/65006995/evaluation_ridge_censored_evo2_all_sources.json,gentamicin,by_reference_class,left_censored,3103,0.9680953915565582,0.0,0.03190460844344183,,,,,,,,,,,,,,
results/models/65006995/evaluation_ridge_censored_evo2_all_sources.json,gentamicin,by_reference_class,exact,5221,0.8904424439762497,0.08044435931813829,0.02911319670561195,,,,,,,,,,,,,,
results/models/65006995/evaluation_ridge_censored_evo2_all_sources.json,gentamicin,by_reference_class,right_censored,1190,0.6403361344537815,0.3596638655462185,0.0,0.5283175377210241,0.7216627780237745,0.27833722197622535,0.47168246227897587,,,,,,,,,,
results/models/65006995/evaluation_ridge_censored_evo2_all_sources.json,gentamicin,strata,SLV:ST131,961,0.8439125910509886,0.09157127991675339,0.06451612903225806,0.820993756503642,0.8657648283038502,,,223,738,0.852017937219731,0.5837669094693028,0.38565022421524664,0.16143497757847533,isolate (single lineage),0.8042531028368795,0.8990395642201835,-1.0838324143445552
results/models/65006995/evaluation_ridge_censored_evo2_all_sources.json,gentamicin,strata,other_lineages,8553,0.8890447796094938,0.08885771074476792,0.02209750964573834,0.8656046440707502,0.9119293512322945,,,4998,3555,0.8921568627450981,0.5840056120659418,0.4549819927971189,-0.41496598639455784,lineage_group,0.8746121173578593,0.9099808735629856,-1.145608885735459
results/models/65006995/evaluation_ridge_censored_evo2_human_clinical.json,ceftriaxone,by_reference_class,left_censored,2034,0.9759095378564405,0.0,0.024090462143559487,,,,,,,,,,,,,,
results/models/65006995/evaluation_ridge_censored_evo2_human_clinical.json,ceftriaxone,by_reference_class,exact,157,0.1592356687898089,0.2802547770700637,0.5605095541401274,,,,,,,,,,,,,,
results/models/65006995/evaluation_ridge_censored_evo2_human_clinical.json,ceftriaxone,by_reference_class,right_censored,631,0.8193343898573693,0.18066561014263074,0.0,0.6874646035598706,0.8624541627482786,0.13754583725172145,0.31253539644012923,,,,,,,,,,
results/models/65006995/evaluation_ridge_censored_evo2_human_clinical.json,ceftriaxone,strata,SLV:ST131,627,0.8277511961722488,0.06060606060606061,0.11164274322169059,0.7974481658692185,0.8564593301435407,,,60,567,0.11666666666666667,0.7878787878787878,0.03333333333333333,4.65,isolate (single lineage),0.0394672342621259,0.20834888059701484,-0.6543070314469603
results/models/65006995/evaluation_ridge_censored_evo2_human_clinical.json,ceftriaxone,strata,other_lineages,2195,0.9148063781321184,0.05466970387243736,0.03052391799544419,0.8779710869004641,0.9435294043802717,,,97,2098,0.18556701030927836,0.8956719817767653,0.07216494845360824,0.21649484536082475,lineage_group,0.1063749194068343,0.2686607286149895,-0.32208298941925895
results/models/65006995/evaluation_ridge_censored_evo2_human_clinical.json,ciprofloxacin,by_reference_class,left_censored,1969,0.9756221432199086,0.0,0.02437785678009142,,,,,,,,,,,,,,
results/models/65006995/evaluation_ridge_censored_evo2_human_clinical.json,ciprofloxacin,by_reference_class,exact,647,0.5115919629057187,0.2009273570324575,0.2874806800618238,,,,,,,,,,,,,,
results/models/65006995/evaluation_ridge_censored_evo2_human_clinical.json,ciprofloxacin,by_reference_class,right_censored,1193,0.9362950544844929,0.06370494551550712,0.0,0.8320775462962964,0.9765223690371826,0.02347763096281744,0.1679224537037036,,,,,,,,,,
results/models/65006995/evaluation_ridge_censored_evo2_human_clinical.json,ciprofloxacin,strata,SLV:ST131,934,0.8693790149892934,0.0053533190578158455,0.1252676659528908,0.8468950749464668,0.8907922912205567,,,138,796,0.3333333333333333,0.8211991434689507,0.07971014492753623,2.63768115942029,isolate (single lineage),0.2548818707810993,0.41291899102595186,-0.7383759819060501
results/models/65006995/evaluation_ridge_censored_evo2_human_clinical.json,ciprofloxacin,strata,other_lineages,2875,0.8893913043478261,0.06991304347826087,0.04069565217391304,0.8540933542836254,0.919502594383127,,,509,2366,0.5599214145383105,0.8013913043478261,0.2475442043222004,-0.23968565815324164,lineage_group,0.46797642144440926,0.6477654504134839,-0.6236479122005144
results/models/65006995/evaluation_ridge_censored_evo2_human_clinical.json,gentamicin,by_reference_class,left_censored,2438,0.9872846595570139,0.0,0.012715340442986054,,,,,,,,,,,,,,
results/models/65006995/evaluation_ridge_censored_evo2_human_clinical.json,gentamicin,by_reference_class,exact,440,0.45681818181818185,0.44545454545454544,0.09772727272727273,,,,,,,,,,,,,,
results/models/65006995/evaluation_ridge_censored_evo2_human_clinical.json,gentamicin,by_reference_class,right_censored,470,0.7319148936170212,0.2680851063829787,0.0,0.5707166182873731,0.7820031290675653,0.2179968709324346,0.4292833817126268,,,,,,,,,,
results/models/65006995/evaluation_ridge_censored_evo2_human_clinical.json,gentamicin,strata,SLV:ST131,796,0.8505025125628141,0.12688442211055276,0.022613065326633167,0.8241206030150754,0.8756281407035176,,,127,669,0.5039370078740157,0.7123115577889447,0.13385826771653545,-0.5669291338582677,isolate (single lineage),0.419341053212021,0.5952426390403489,-0.7304483057718756
results/models/65006995/evaluation_ridge_censored_evo2_human_clinical.json,gentamicin,strata,other_lineages,2552,0.8914576802507836,0.0865987460815047,0.0219435736677116,0.8682822247127528,0.912788796034918,,,313,2239,0.43769968051118213,0.838166144200627,0.13099041533546327,-1.2875399361022364,lineage_group,0.3712733070444477,0.5121094808891298,-0.4805371497814297
results/models/65006995/evaluation_ridge_censored_human_clinical.json,ceftriaxone,by_reference_class,left_censored,2034,0.983284169124877,0.0,0.01671583087512291,,,,,,,,,,,,,,
results/models/65006995/evaluation_ridge_censored_human_clinical.json,ceftriaxone,by_reference_class,exact,157,0.21019108280254778,0.2611464968152866,0.5286624203821656,,,,,,,,,,,,,,
results/models/65006995/evaluation_ridge_censored_human_clinical.json,ceftriaxone,by_reference_class,right_censored,631,0.8827258320126783,0.11727416798732171,0.0,0.7633758323244552,0.9189753699937322,0.08102463000626783,0.2366241676755447,,,,,,,,,,
results/models/65006995/evaluation_ridge_censored_human_clinical.json,ceftriaxone,strata,SLV:ST131,627,0.8740031897926634,0.03508771929824561,0.09090909090909091,0.8484848484848485,0.9011164274322169,,,60,567,0.11666666666666667,0.8564593301435407,0.0,4.016666666666667,isolate (single lineage),0.038461538461538464,0.2033898305084746,-0.6416975711641898
results/models/65006995/evaluation_ridge_censored_human_clinical.json,ceftriaxone,strata,other_lineages,2195,0.9302961275626423,0.04236902050113895,0.02733485193621868,0.9004161564093071,0.9527980613121956,,,97,2098,0.26804123711340205,0.916628701594533,0.061855670103092786,0.20618556701030927,lineage_group,0.17345957613814755,0.4000543478260867,-0.32156322019219385
results/models/65006995/evaluation_ridge_censored_human_clinical.json,ciprofloxacin,by_reference_class,left_censored,1969,0.9903504316912138,0.0,0.009649568308786187,,,,,,,,,,,,,,
results/models/65006995/evaluation_ridge_censored_human_clinical.json,ciprofloxacin,by_reference_class,exact,647,0.5842349304482226,0.3261205564142195,0.08964451313755796,,,,,,,,,,,,,,
results/models/65006995/evaluation_ridge_censored_human_clinical.json,ciprofloxacin,by_reference_class,right_censored,1193,0.9631181894383906,0.036881810561609385,0.0,0.8669347586446972,0.9806484151364989,0.0193515848635011,0.13306524135530284,,,,,,,,,,
results/models/65006995/evaluation_ridge_censored_human_clinical.json,ciprofloxacin,strata,SLV:ST131,934,0.8875802997858673,0.08886509635974305,0.023554603854389723,0.867237687366167,0.9079229122055674,,,138,796,0.32608695652173914,0.8404710920770878,0.12318840579710146,-0.7463768115942029,isolate (single lineage),0.24822565615778847,0.4060272632801515,-0.5537015295029328
results/models/65006995/evaluation_ridge_censored_human_clinical.json,ciprofloxacin,strata,other_lineages,2875,0.9210434782608695,0.05982608695652174,0.019130434782608695,0.8914770379684255,0.9445017326724696,,,509,2366,0.6542239685658153,0.848,0.29469548133595286,-0.4636542239685658,lineage_group,0.5783085466867469,0.7358523628989595,-0.5465815190394109
results/models/65006995/evaluation_ridge_censored_human_clinical.json,gentamicin,by_reference_class,left_censored,2438,0.992616899097621,0.0,0.007383100902378999,,,,,,,,,,,,,,
results/models/65006995/evaluation_ridge_censored_human_clinical.json,gentamicin,by_reference_class,exact,440,0.3431818181818182,0.6204545454545455,0.03636363636363636,,,,,,,,,,,,,,
results/models/65006995/evaluation_ridge_censored_human_clinical.json,gentamicin,by_reference_class,right_censored,470,0.8340425531914893,0.16595744680851063,0.0,0.6143704850361198,0.8991295196718802,0.10087048032811971,0.38562951496388026,,,,,,,,,,
results/models/65006995/evaluation_ridge_censored_human_clinical.json,gentamicin,strata,SLV:ST131,796,0.8505025125628141,0.13819095477386933,0.011306532663316583,0.8253768844221105,0.8744032663316581,,,127,669,0.2204724409448819,0.7763819095477387,0.05511811023622047,-1.7401574803149606,isolate (single lineage),0.147281121751026,0.29600740740740733,-0.602553114529592
results/models/65006995/evaluation_ridge_censored_human_clinical.json,gentamicin,strata,other_lineages,2552,0.89576802507837,0.09443573667711598,0.009796238244514107,0.8753012958844987,0.916045289834534,,,313,2239,0.3929712460063898,0.8452194357366771,0.07987220447284345,-1.7252396166134185,lineage_group,0.31750236989288083,0.4950259886400171,-0.5186066503615556
results/models/65006996/evaluation_ridge_censored_amr_evo2_acquired_human_clinical.json,ceftriaxone,by_reference_class,left_censored,2034,0.9867256637168141,0.0,0.01327433628318584,,,,,,,,,,,,,,
results/models/65006996/evaluation_ridge_censored_amr_evo2_acquired_human_clinical.json,ceftriaxone,by_reference_class,exact,157,0.25477707006369427,0.21019108280254778,0.535031847133758,,,,,,,,,,,,,,
results/models/65006996/evaluation_ridge_censored_amr_evo2_acquired_human_clinical.json,ceftriaxone,by_reference_class,right_censored,631,0.8795562599049128,0.12044374009508717,0.0,0.7676040894489745,0.9195408175257974,0.08045918247420257,0.23239591055102543,,,,,,,,,,
results/models/65006996/evaluation_ridge_censored_amr_evo2_acquired_human_clinical.json,ceftriaxone,strata,SLV:ST131,627,0.8755980861244019,0.03349282296650718,0.09090909090909091,0.8500797448165869,0.9011164274322169,,,60,567,0.11666666666666667,0.8628389154704944,0.05,4.416666666666667,isolate (single lineage),0.037037037037037035,0.20636288998357954,-0.6511351299657965
results/models/65006996/evaluation_ridge_censored_amr_evo2_acquired_human_clinical.json,ceftriaxone,strata,other_lineages,2195,0.9353075170842825,0.04009111617312073,0.02460136674259681,0.9078727928741135,0.9570730764679546,,,97,2098,0.3402061855670103,0.9184510250569476,0.10309278350515463,0.25773195876288657,lineage_group,0.22999324324324324,0.4606741573033708,-0.30527531563947063
results/models/65006996/evaluation_ridge_censored_amr_evo2_acquired_human_clinical.json,ciprofloxacin,by_reference_class,left_censored,1969,0.9883189436262062,0.0,0.011681056373793804,,,,,,,,,,,,,,
results/models/65006996/evaluation_ridge_censored_amr_evo2_acquired_human_clinical.json,ciprofloxacin,by_reference_class,exact,647,0.6012364760432767,0.3029366306027821,0.09582689335394126,,,,,,,,,,,,,,
results/models/65006996/evaluation_ridge_censored_amr_evo2_acquired_human_clinical.json,ciprofloxacin,by_reference_class,right_censored,1193,0.9631181894383906,0.036881810561609385,0.0,0.8764034729315628,0.9783537134502361,0.021646286549763832,0.12359652706843717,,,,,,,,,,
results/models/65006996/evaluation_ridge_censored_amr_evo2_acquired_human_clinical.json,ciprofloxacin,strata,SLV:ST131,934,0.8886509635974305,0.09421841541755889,0.017130620985010708,0.8683083511777302,0.9079496788008563,,,138,796,0.35507246376811596,0.8522483940042827,0.15942028985507245,-0.9130434782608695,isolate (single lineage),0.2749743150684932,0.4375,-0.5554652284528531
results/models/65006996/evaluation_ridge_censored_amr_evo2_acquired_human_clinical.json,ciprofloxacin,strata,other_lineages,2875,0.9231304347826087,0.05286956521739131,0.024,0.8968975586656845,0.9444766057235734,,,509,2366,0.6679764243614931,0.8566956521739131,0.33398821218074654,-0.44204322200392926,lineage_group,0.6094246232746613,0.7302456797648071,-0.5465879476191392
results/models/65006996/evaluation_ridge_censored_amr_evo2_acquired_human_clinical.json,gentamicin,by_reference_class,left_censored,2438,0.992616899097621,0.0,0.007383100902378999,,,,,,,,,,,,,,
results/models/65006996/evaluation_ridge_censored_amr_evo2_acquired_human_clinical.json,gentamicin,by_reference_class,exact,440,0.5318181818181819,0.3977272727272727,0.07045454545454545,,,,,,,,,,,,,,
results/models/65006996/evaluation_ridge_censored_amr_evo2_acquired_human_clinical.json,gentamicin,by_reference_class,right_censored,470,0.8787234042553191,0.12127659574468085,0.0,0.6972407561857104,0.9264959186253986,0.07350408137460135,0.30275924381428965,,,,,,,,,,
results/models/65006996/evaluation_ridge_censored_amr_evo2_acquired_human_clinical.json,gentamicin,strata,SLV:ST131,796,0.8907035175879398,0.09170854271356783,0.017587939698492462,0.8680904522613065,0.9108040201005025,,,127,669,0.4330708661417323,0.8140703517587939,0.08661417322834646,-1.110236220472441,isolate (single lineage),0.34326630735212826,0.5187987657823805,-0.5440033960882342
results/models/65006996/evaluation_ridge_censored_amr_evo2_acquired_human_clinical.json,gentamicin,strata,other_lineages,2552,0.9239811912225705,0.06230407523510972,0.01371473354231975,0.9023232446701954,0.941790262912403,,,313,2239,0.5718849840255591,0.862460815047022,0.17891373801916932,-1.1150159744408945,lineage_group,0.5041966386554622,0.6340264677299489,-0.48129864992174415
results/models/65006996/evaluation_ridge_censored_amr_evo2_panel_human_clinical.json,ceftriaxone,by_reference_class,left_censored,2034,0.9852507374631269,0.0,0.014749262536873156,,,,,,,,,,,,,,
results/models/65006996/evaluation_ridge_censored_amr_evo2_panel_human_clinical.json,ceftriaxone,by_reference_class,exact,157,0.21019108280254778,0.31210191082802546,0.47770700636942676,,,,,,,,,,,,,,
results/models/65006996/evaluation_ridge_censored_amr_evo2_panel_human_clinical.json,ceftriaxone,by_reference_class,right_censored,631,0.8684627575277337,0.13153724247226625,0.0,0.7437986693319808,0.9094588905200587,0.09054110947994128,0.2562013306680192,,,,,,,,,,
results/models/65006996/evaluation_ridge_censored_amr_evo2_panel_human_clinical.json,ceftriaxone,strata,SLV:ST131,627,0.8708133971291866,0.046251993620414676,0.08293460925039872,0.8468500797448165,0.8963317384370016,,,60,567,0.1,0.8532695374800638,0.03333333333333333,2.966666666666667,isolate (single lineage),0.0322452636968766,0.18181818181818182,-0.6407247793727836
results/models/65006996/evaluation_ridge_censored_amr_evo2_panel_human_clinical.json,ceftriaxone,strata,other_lineages,2195,0.9289293849658314,0.0469248291571754,0.024145785876993165,0.9012635553474405,0.9510438892972362,,,97,2098,0.27835051546391754,0.9075170842824601,0.12371134020618557,0.10309278350515463,lineage_group,0.1984732824427481,0.4032413151364763,-0.3443376250011978
results/models/65006996/evaluation_ridge_censored_amr_evo2_panel_human_clinical.json,ciprofloxacin,by_reference_class,left_censored,1969,0.9888268156424581,0.0,0.0111731843575419,,,,,,,,,,,,,,
results/models/65006996/evaluation_ridge_censored_amr_evo2_panel_human_clinical.json,ciprofloxacin,by_reference_class,exact,647,0.5517774343122102,0.3415765069551777,0.10664605873261206,,,,,,,,,,,,,,
results/models/65006996/evaluation_ridge_censored_amr_evo2_panel_human_clinical.json,ciprofloxacin,by_reference_class,right_censored,1193,0.9631181894383906,0.036881810561609385,0.0,0.8656214615451616,0.9807226076937047,0.01927739230629536,0.13437853845483838,,,,,,,,,,
results/models/65006996/evaluation_ridge_censored_amr_evo2_panel_human_clinical.json,ciprofloxacin,strata,SLV:ST131,934,0.8865096359743041,0.09100642398286937,0.022483940042826552,0.8661402569593147,0.9068522483940042,,,138,796,0.3188405797101449,0.8361884368308351,0.10869565217391304,-0.7753623188405797,isolate (single lineage),0.24025974025974026,0.3983739837398374,-0.5550207881735095
results/models/65006996/evaluation_ridge_censored_amr_evo2_panel_human_clinical.json,ciprofloxacin,strata,other_lineages,2875,0.9130434782608695,0.06260869565217392,0.02434782608695652,0.8819818155073402,0.9370848932463489,,,509,2366,0.6149312377210217,0.8452173913043478,0.26522593320235754,-0.5363457760314342,lineage_group,0.5399978991596639,0.6927496507508856,-0.5568836211789324
results/models/65006996/evaluation_ridge_censored_amr_evo2_panel_human_clinical.json,gentamicin,by_reference_class,left_censored,2438,0.9922067268252666,0.0,0.007793273174733388,,,,,,,,,,,,,,
results/models/65006996/evaluation_ridge_censored_amr_evo2_panel_human_clinical.json,gentamicin,by_reference_class,exact,440,0.38181818181818183,0.5795454545454546,0.038636363636363635,,,,,,,,,,,,,,
results/models/65006996/evaluation_ridge_censored_amr_evo2_panel_human_clinical.json,gentamicin,by_reference_class,right_censored,470,0.8531914893617021,0.14680851063829786,0.0,0.6217348579596212,0.9154412328084894,0.08455876719151055,0.37826514204037864,,,,,,,,,,
results/models/65006996/evaluation_ridge_censored_amr_evo2_panel_human_clinical.json,gentamicin,strata,SLV:ST131,796,0.8743718592964824,0.11306532663316583,0.01256281407035176,0.8505025125628141,0.8969849246231156,,,127,669,0.3464566929133858,0.7902010050251256,0.07086614173228346,-1.4330708661417322,isolate (single lineage),0.2639909090909091,0.4298453707260852,-0.5809264848936466
results/models/65006996/evaluation_ridge_censored_amr_evo2_panel_human_clinical.json,gentamicin,strata,other_lineages,2552,0.8981191222570533,0.09169278996865204,0.01018808777429467,0.878398546473905,0.9167681618792598,,,313,2239,0.3961661341853035,0.8471786833855799,0.0926517571884984,-1.6325878594249201,lineage_group,0.31999763033175355,0.49629830917874396,-0.5128569966954191
results/models/65006996/evaluation_ridge_censored_human_clinical.json,ceftriaxone,by_reference_class,left_censored,2034,0.983284169124877,0.0,0.01671583087512291,,,,,,,,,,,,,,
results/models/65006996/evaluation_ridge_censored_human_clinical.json,ceftriaxone,by_reference_class,exact,157,0.21019108280254778,0.2611464968152866,0.5286624203821656,,,,,,,,,,,,,,
results/models/65006996/evaluation_ridge_censored_human_clinical.json,ceftriaxone,by_reference_class,right_censored,631,0.8827258320126783,0.11727416798732171,0.0,0.7633758323244552,0.9189753699937322,0.08102463000626783,0.2366241676755447,,,,,,,,,,
results/models/65006996/evaluation_ridge_censored_human_clinical.json,ceftriaxone,strata,SLV:ST131,627,0.8740031897926634,0.03508771929824561,0.09090909090909091,0.8484848484848485,0.9011164274322169,,,60,567,0.11666666666666667,0.8564593301435407,0.0,4.016666666666667,isolate (single lineage),0.038461538461538464,0.2033898305084746,-0.6416975711641898
results/models/65006996/evaluation_ridge_censored_human_clinical.json,ceftriaxone,strata,other_lineages,2195,0.9302961275626423,0.04236902050113895,0.02733485193621868,0.9004161564093071,0.9527980613121956,,,97,2098,0.26804123711340205,0.916628701594533,0.061855670103092786,0.20618556701030927,lineage_group,0.17345957613814755,0.4000543478260867,-0.32156322019219385
results/models/65006996/evaluation_ridge_censored_human_clinical.json,ciprofloxacin,by_reference_class,left_censored,1969,0.9903504316912138,0.0,0.009649568308786187,,,,,,,,,,,,,,
results/models/65006996/evaluation_ridge_censored_human_clinical.json,ciprofloxacin,by_reference_class,exact,647,0.5842349304482226,0.3261205564142195,0.08964451313755796,,,,,,,,,,,,,,
results/models/65006996/evaluation_ridge_censored_human_clinical.json,ciprofloxacin,by_reference_class,right_censored,1193,0.9631181894383906,0.036881810561609385,0.0,0.8669347586446972,0.9806484151364989,0.0193515848635011,0.13306524135530284,,,,,,,,,,
results/models/65006996/evaluation_ridge_censored_human_clinical.json,ciprofloxacin,strata,SLV:ST131,934,0.8875802997858673,0.08886509635974305,0.023554603854389723,0.867237687366167,0.9079229122055674,,,138,796,0.32608695652173914,0.8404710920770878,0.12318840579710146,-0.7463768115942029,isolate (single lineage),0.24822565615778847,0.4060272632801515,-0.5537015295029328
results/models/65006996/evaluation_ridge_censored_human_clinical.json,ciprofloxacin,strata,other_lineages,2875,0.9210434782608695,0.05982608695652174,0.019130434782608695,0.8914770379684255,0.9445017326724696,,,509,2366,0.6542239685658153,0.848,0.29469548133595286,-0.4636542239685658,lineage_group,0.5783085466867469,0.7358523628989595,-0.5465815190394109
results/models/65006996/evaluation_ridge_censored_human_clinical.json,gentamicin,by_reference_class,left_censored,2438,0.992616899097621,0.0,0.007383100902378999,,,,,,,,,,,,,,
results/models/65006996/evaluation_ridge_censored_human_clinical.json,gentamicin,by_reference_class,exact,440,0.3431818181818182,0.6204545454545455,0.03636363636363636,,,,,,,,,,,,,,
results/models/65006996/evaluation_ridge_censored_human_clinical.json,gentamicin,by_reference_class,right_censored,470,0.8340425531914893,0.16595744680851063,0.0,0.6143704850361198,0.8991295196718802,0.10087048032811971,0.38562951496388026,,,,,,,,,,
results/models/65006996/evaluation_ridge_censored_human_clinical.json,gentamicin,strata,SLV:ST131,796,0.8505025125628141,0.13819095477386933,0.011306532663316583,0.8253768844221105,0.8744032663316581,,,127,669,0.2204724409448819,0.7763819095477387,0.05511811023622047,-1.7401574803149606,isolate (single lineage),0.147281121751026,0.29600740740740733,-0.602553114529592
results/models/65006996/evaluation_ridge_censored_human_clinical.json,gentamicin,strata,other_lineages,2552,0.89576802507837,0.09443573667711598,0.009796238244514107,0.8753012958844987,0.916045289834534,,,313,2239,0.3929712460063898,0.8452194357366771,0.07987220447284345,-1.7252396166134185,lineage_group,0.31750236989288083,0.4950259886400171,-0.5186066503615556
results/models/65006996/evaluation_xgboost_aft_amr_evo2_acquired_human_clinical.json,ceftriaxone,by_reference_class,left_censored,2034,0.9734513274336283,0.0,0.02654867256637168,,,,,,,,,,,,,,
results/models/65006996/evaluation_xgboost_aft_amr_evo2_acquired_human_clinical.json,ceftriaxone,by_reference_class,exact,157,0.5414012738853503,0.18471337579617833,0.27388535031847133,,,,,,,,,,,,,,
results/models/65006996/evaluation_xgboost_aft_amr_evo2_acquired_human_clinical.json,ceftriaxone,by_reference_class,right_censored,631,0.8225039619651348,0.1774960380348653,0.0,0.7154402325757003,0.8625740872451398,0.13742591275486013,0.28455976742429956,,,,,,,,,,
results/models/65006996/evaluation_xgboost_aft_amr_evo2_acquired_human_clinical.json,ceftriaxone,strata,SLV:ST131,627,0.8755980861244019,0.07177033492822966,0.05263157894736842,0.8484848484848485,0.9011164274322169,,,60,567,0.55,0.7543859649122807,0.2,1.1,isolate (single lineage),0.4166666666666667,0.6721382136800451,-0.8290338990526303
results/models/65006996/evaluation_xgboost_aft_amr_evo2_acquired_human_clinical.json,ceftriaxone,strata,other_lineages,2195,0.9271070615034168,0.04373576309794989,0.02915717539863326,0.8933310985043836,0.95209129310163,,,97,2098,0.5360824742268041,0.8806378132118451,0.25773195876288657,-0.35051546391752575,lineage_group,0.42590996168582373,0.6464795008912656,-0.4602047286773053
results/models/65006996/evaluation_xgboost_aft_amr_evo2_acquired_human_clinical.json,ciprofloxacin,by_reference_class,left_censored,1969,0.9903504316912138,0.0,0.009649568308786187,,,,,,,,,,,,,,
results/models/65006996/evaluation_xgboost_aft_amr_evo2_acquired_human_clinical.json,ciprofloxacin,by_reference_class,exact,647,0.6367851622874807,0.23183925811437403,0.13137557959814528,,,,,,,,,,,,,,
results/models/65006996/evaluation_xgboost_aft_amr_evo2_acquired_human_clinical.json,ciprofloxacin,by_reference_class,right_censored,1193,0.9564124056999161,0.04358759430008382,0.0,0.8542191227140207,0.9762237706536727,0.023776229346327258,0.1457808772859793,,,,,,,,,,
results/models/65006996/evaluation_xgboost_aft_amr_evo2_acquired_human_clinical.json,ciprofloxacin,strata,SLV:ST131,934,0.9004282655246253,0.0728051391862955,0.02676659528907923,0.880085653104925,0.9186563169164881,,,138,796,0.4420289855072464,0.8372591006423983,0.09420289855072464,-0.4420289855072464,isolate (single lineage),0.3611111111111111,0.5217471227621483,-0.6120017299898408
results/models/65006996/evaluation_xgboost_aft_amr_evo2_acquired_human_clinical.json,ciprofloxacin,strata,other_lineages,2875,0.9259130434782609,0.04660869565217391,0.027478260869565216,0.9009484867181561,0.9480985619676644,,,509,2366,0.6895874263261297,0.8448695652173913,0.3104125736738703,-0.10609037328094302,lineage_group,0.6299508190590172,0.7637174753867791,-0.6074469845839324
results/models/65006996/evaluation_xgboost_aft_amr_evo2_acquired_human_clinical.json,gentamicin,by_reference_class,left_censored,2438,0.9922067268252666,0.0,0.007793273174733388,,,,,,,,,,,,,,
results/models/65006996/evaluation_xgboost_aft_amr_evo2_acquired_human_clinical.json,gentamicin,by_reference_class,exact,440,0.5795454545454546,0.36818181818181817,0.05227272727272727,,,,,,,,,,,,,,
results/models/65006996/evaluation_xgboost_aft_amr_evo2_acquired_human_clinical.json,gentamicin,by_reference_class,right_censored,470,0.851063829787234,0.14893617021276595,0.0,0.696962516156829,0.8927273383926227,0.10727266160737728,0.30303748384317103,,,,,,,,,,
results/models/65006996/evaluation_xgboost_aft_amr_evo2_acquired_human_clinical.json,gentamicin,strata,SLV:ST131,796,0.8756281407035176,0.114321608040201,0.010050251256281407,0.8530150753768844,0.8994974874371859,,,127,669,0.41732283464566927,0.7977386934673367,0.16535433070866143,-1.4251968503937007,isolate (single lineage),0.3333333333333333,0.5100891588693479,-0.6055601231564468
results/models/65006996/evaluation_xgboost_aft_amr_evo2_acquired_human_clinical.json,gentamicin,strata,other_lineages,2552,0.9314263322884012,0.05525078369905956,0.013322884012539185,0.9105649709283821,0.9476432520892711,,,313,2239,0.645367412140575,0.8659874608150471,0.23003194888178913,-0.9744408945686901,lineage_group,0.5863040949278735,0.6990950226244343,-0.44411015806583853
results/models/65006996/evaluation_xgboost_aft_amr_evo2_panel_human_clinical.json,ceftriaxone,by_reference_class,left_censored,2034,0.988692232055064,0.0,0.011307767944936086,,,,,,,,,,,,,,
results/models/65006996/evaluation_xgboost_aft_amr_evo2_panel_human_clinical.json,ceftriaxone,by_reference_class,exact,157,0.554140127388535,0.27388535031847133,0.17197452229299362,,,,,,,,,,,,,,
results/models/65006996/evaluation_xgboost_aft_amr_evo2_panel_human_clinical.json,ceftriaxone,by_reference_class,right_censored,631,0.7765451664025357,0.22345483359746435,0.0,0.5105543978154642,0.8740117939968655,0.12598820600313448,0.48944560218453576,,,,,,,,,,
results/models/65006996/evaluation_xgboost_aft_amr_evo2_panel_human_clinical.json,ceftriaxone,strata,SLV:ST131,627,0.9059011164274322,0.05741626794258373,0.03668261562998405,0.8819776714513556,0.9282296650717703,,,60,567,0.6333333333333333,0.7272727272727273,0.3,0.5333333333333333,isolate (single lineage),0.5074626865671642,0.746268656716418,-0.8682223027012158
results/models/65006996/evaluation_xgboost_aft_amr_evo2_panel_human_clinical.json,ceftriaxone,strata,other_lineages,2195,0.9202733485193622,0.0674259681093394,0.012300683371298405,0.8600109805072771,0.9592616897168125,,,97,2098,0.5051546391752577,0.8779043280182233,0.18556701030927836,-1.2474226804123711,lineage_group,0.3888888888888889,0.6283249051833122,-0.5408671279306121
results/models/65006996/evaluation_xgboost_aft_amr_evo2_panel_human_clinical.json,ciprofloxacin,by_reference_class,left_censored,1969,0.98933468765871,0.0,0.010665312341289994,,,,,,,,,,,,,,
results/models/65006996/evaluation_xgboost_aft_amr_evo2_panel_human_clinical.json,ciprofloxacin,by_reference_class,exact,647,0.5347758887171561,0.21638330757341576,0.24884080370942813,,,,,,,,,,,,,,
results/models/65006996/evaluation_xgboost_aft_amr_evo2_panel_human_clinical.json,ciprofloxacin,by_reference_class,right_censored,1193,0.9463537300922046,0.053646269907795474,0.0,0.853199227095639,0.9645510611571452,0.035448938842854806,0.1468007729043609,,,,,,,,,,
results/models/65006996/evaluation_xgboost_aft_amr_evo2_panel_human_clinical.json,ciprofloxacin,strata,SLV:ST131,934,0.8768736616702355,0.0835117773019272,0.03961456102783726,0.8554603854389722,0.8982869379014989,,,138,796,0.3695652173913043,0.7537473233404711,0.06521739130434782,-0.13768115942028986,isolate (single lineage),0.2898352581521739,0.4472188745712431,-0.686063421255704
results/models/65006996/evaluation_xgboost_aft_amr_evo2_panel_human_clinical.json,ciprofloxacin,strata,other_lineages,2875,0.9057391304347826,0.04382608695652174,0.050434782608695654,0.8776166781301564,0.9307808679887963,,,509,2366,0.5795677799607073,0.8163478260869566,0.14145383104125736,0.3575638506876228,lineage_group,0.515742858476475,0.6562584368250539,-0.6683231893880791
results/models/65006996/evaluation_xgboost_aft_amr_evo2_panel_human_clinical.json,gentamicin,by_reference_class,left_censored,2438,0.992616899097621,0.0,0.007383100902378999,,,,,,,,,,,,,,
results/models/65006996/evaluation_xgboost_aft_amr_evo2_panel_human_clinical.json,gentamicin,by_reference_class,exact,440,0.4727272727272727,0.4818181818181818,0.045454545454545456,,,,,,,,,,,,,,
results/models/65006996/evaluation_xgboost_aft_amr_evo2_panel_human_clinical.json,gentamicin,by_reference_class,right_censored,470,0.8531914893617021,0.14680851063829786,0.0,0.6455696202531646,0.9265989545121056,0.07340104548789435,0.35443037974683544,,,,,,,,,,
results/models/65006996/evaluation_xgboost_aft_amr_evo2_panel_human_clinical.json,gentamicin,strata,SLV:ST131,796,0.9032663316582915,0.08668341708542714,0.010050251256281407,0.8831658291457286,0.9221105527638191,,,127,669,0.49606299212598426,0.7776381909547738,0.13385826771653545,-1.1338582677165354,isolate (single lineage),0.40799230769230765,0.5808841036414566,-0.5832768613148136
results/models/65006996/evaluation_xgboost_aft_amr_evo2_panel_human_clinical.json,gentamicin,strata,other_lineages,2552,0.9051724137931034,0.08307210031347963,0.011755485893416929,0.8852746585229373,0.9245921893499054,,,313,2239,0.46325878594249204,0.8503134796238244,0.12140575079872204,-1.3738019169329074,lineage_group,0.3627677599768573,0.549451909476662,-0.49903249427282165
results/models/65006996/evaluation_xgboost_aft_human_clinical.json,ceftriaxone,by_reference_class,left_censored,2034,0.9882005899705014,0.0,0.011799410029498525,,,,,,,,,,,,,,
results/models/65006996/evaluation_xgboost_aft_human_clinical.json,ceftriaxone,by_reference_class,exact,157,0.49044585987261147,0.21019108280254778,0.29936305732484075,,,,,,,,,,,,,,
results/models/65006996/evaluation_xgboost_aft_human_clinical.json,ceftriaxone,by_reference_class,right_censored,631,0.8462757527733756,0.1537242472266244,0.0,0.7025792037157522,0.9003705585625391,0.09962944143746087,0.2974207962842478,,,,,,,,,,
results/models/65006996/evaluation_xgboost_aft_human_clinical.json,ceftriaxone,strata,SLV:ST131,627,0.8915470494417863,0.04146730462519936,0.06698564593301436,0.8676236044657097,0.9154704944178629,,,60,567,0.35,0.8389154704944178,0.016666666666666666,1.5166666666666666,isolate (single lineage),0.23635732323232322,0.4697192513368983,-0.8989380119116672
results/models/65006996/evaluation_xgboost_aft_human_clinical.json,ceftriaxone,strata,other_lineages,2195,0.9394077448747152,0.04738041002277904,0.013211845102505695,0.9062236638483219,0.9631728570560603,,,97,2098,0.5773195876288659,0.8952164009111617,0.1958762886597938,-0.9175257731958762,lineage_group,0.4843623991935484,0.6724216300940439,-0.5015922621855591
results/models/65006996/evaluation_xgboost_aft_human_clinical.json,ciprofloxacin,by_reference_class,left_censored,1969,0.98933468765871,0.0,0.010665312341289994,,,,,,,,,,,,,,
results/models/65006996/evaluation_xgboost_aft_human_clinical.json,ciprofloxacin,by_reference_class,exact,647,0.6275115919629057,0.26120556414219476,0.11128284389489954,,,,,,,,,,,,,,
results/models/65006996/evaluation_xgboost_aft_human_clinical.json,ciprofloxacin,by_reference_class,right_censored,1193,0.9589270746018441,0.04107292539815591,0.0,0.8599218882183747,0.9781425973804585,0.021857402619541437,0.14007811178162527,,,,,,,,,,
results/models/65006996/evaluation_xgboost_aft_human_clinical.json,ciprofloxacin,strata,SLV:ST131,934,0.8961456102783726,0.06423982869379015,0.03961456102783726,0.8758029978586723,0.9154175588865097,,,138,796,0.4057971014492754,0.8436830835117773,0.13768115942028986,-0.16666666666666666,isolate (single lineage),0.32857142857142857,0.4880047244094488,-0.645665420968656
results/models/65006996/evaluation_xgboost_aft_human_clinical.json,ciprofloxacin,strata,other_lineages,2875,0.9255652173913044,0.05495652173913043,0.019478260869565216,0.9015503058254015,0.9449425168836797,,,509,2366,0.68762278978389,0.8299130434782609,0.19646365422396855,-0.15717092337917485,lineage_group,0.6322131054012842,0.7500151331719127,-0.6318741276671956
results/models/65006996/evaluation_xgboost_aft_human_clinical.json,gentamicin,by_reference_class,left_censored,2438,0.9917965545529123,0.0,0.008203445447087777,,,,,,,,,,,,,,
results/models/65006996/evaluation_xgboost_aft_human_clinical.json,gentamicin,by_reference_class,exact,440,0.4409090909090909,0.5136363636363637,0.045454545454545456,,,,,,,,,,,,,,
results/models/65006996/evaluation_xgboost_aft_human_clinical.json,gentamicin,by_reference_class,right_censored,470,0.8127659574468085,0.18723404255319148,0.0,0.7134419039401783,0.8395835110921502,0.16041648890784985,0.28655809605982163,,,,,,,,,,
results/models/65006996/evaluation_xgboost_aft_human_clinical.json,gentamicin,strata,SLV:ST131,796,0.8203517587939698,0.16959798994974876,0.010050251256281407,0.7939698492462312,0.8467336683417085,,,127,669,0.25196850393700787,0.7437185929648241,0.05511811023622047,-1.6299212598425197,isolate (single lineage),0.17645882352941178,0.3253968253968254,-0.6472678151036787
results/models/65006996/evaluation_xgboost_aft_human_clinical.json,gentamicin,strata,other_lineages,2552,0.917319749216301,0.07014106583072101,0.012539184952978056,0.898402262127722,0.935485154615355,,,313,2239,0.5175718849840255,0.8538401253918495,0.15654952076677317,-1.293929712460064,lineage_group,0.43998191214470284,0.5971568167735668,-0.4959440239326585
results/posthoc/family/65022960/dev_evaluation_ridge_censored_family_human_clinical.json,ceftriaxone,by_reference_class,left_censored,2034,0.9862340216322517,0.0,0.01376597836774828,,,,,,,,,,,,,,
results/posthoc/family/65022960/dev_evaluation_ridge_censored_family_human_clinical.json,ceftriaxone,by_reference_class,exact,157,0.2611464968152866,0.20382165605095542,0.535031847133758,,,,,,,,,,,,,,
results/posthoc/family/65022960/dev_evaluation_ridge_censored_family_human_clinical.json,ceftriaxone,by_reference_class,right_censored,631,0.8890649762282092,0.1109350237717908,0.0,0.7331398161586841,0.946890925530166,0.05310907446983396,0.2668601838413158,,,,,,,,,,
results/posthoc/family/65022960/dev_evaluation_ridge_censored_family_human_clinical.json,ceftriaxone,strata,SLV:ST131,627,0.8883572567783095,0.019138755980861243,0.09250398724082935,0.8643939393939394,0.9138755980861244,,,60,567,0.1,0.8771929824561403,0.05,5.266666666666667,isolate (single lineage),0.029839771729587357,0.18181818181818182,-0.6318002106908914
results/posthoc/family/65022960/dev_evaluation_ridge_censored_family_human_clinical.json,ceftriaxone,strata,other_lineages,2195,0.9343963553530752,0.04100227790432802,0.02460136674259681,0.9077402628297039,0.9582768151701276,,,97,2098,0.36082474226804123,0.9011389521640091,0.12371134020618557,0.4742268041237113,lineage_group,0.26436781609195403,0.48276830685780703,-0.3095084993557274
results/posthoc/family/65022960/dev_evaluation_ridge_censored_family_human_clinical.json,ciprofloxacin,by_reference_class,left_censored,1969,0.9898425596749619,0.0,0.01015744032503809,,,,,,,,,,,,,,
results/posthoc/family/65022960/dev_evaluation_ridge_censored_family_human_clinical.json,ciprofloxacin,by_reference_class,exact,647,0.5965996908809892,0.29520865533230295,0.10819165378670788,,,,,,,,,,,,,,
results/posthoc/family/65022960/dev_evaluation_ridge_censored_family_human_clinical.json,ciprofloxacin,by_reference_class,right_censored,1193,0.961441743503772,0.038558256496227995,0.0,0.8724614620506972,0.977850106761143,0.0221498932388569,0.1275385379493025,,,,,,,,,,
results/posthoc/family/65022960/dev_evaluation_ridge_censored_family_human_clinical.json,ciprofloxacin,strata,SLV:ST131,934,0.8854389721627409,0.09100642398286937,0.023554603854389723,0.8650963597430407,0.9057815845824411,,,138,796,0.3333333333333333,0.8372591006423983,0.11594202898550725,-0.7608695652173914,isolate (single lineage),0.2553191489361702,0.41096861945011165,-0.5572338432921089
results/posthoc/family/65022960/dev_evaluation_ridge_censored_family_human_clinical.json,ciprofloxacin,strata,other_lineages,2875,0.9234782608695652,0.05286956521739131,0.02365217391304348,0.8980394416609238,0.9456432754983715,,,509,2366,0.6679764243614931,0.8518260869565217,0.28094302554027506,-0.27111984282907664,lineage_group,0.613052943225357,0.734148538782685,-0.537828235628737
results/posthoc/family/65022960/dev_evaluation_ridge_censored_family_human_clinical.json,gentamicin,by_reference_class,left_censored,2438,0.9934372436423298,0.0,0.006562756357670222,,,,,,,,,,,,,,
results/posthoc/family/65022960/dev_evaluation_ridge_censored_family_human_clinical.json,gentamicin,by_reference_class,exact,440,0.34545454545454546,0.5954545454545455,0.05909090909090909,,,,,,,,,,,,,,
results/posthoc/family/65022960/dev_evaluation_ridge_censored_family_human_clinical.json,gentamicin,by_reference_class,right_censored,470,0.8829787234042553,0.11702127659574468,0.0,0.7731376262626263,0.9164386887944405,0.08356131120555953,0.2268623737373737,,,,,,,,,,
results/posthoc/family/65022960/dev_evaluation_ridge_censored_family_human_clinical.json,gentamicin,strata,SLV:ST131,796,0.842964824120603,0.1407035175879397,0.016331658291457288,0.8153266331658291,0.8668341708542714,,,127,669,0.18110236220472442,0.7889447236180904,0.05511811023622047,-1.7322834645669292,isolate (single lineage),0.11569453273998728,0.24770845173337663,-0.657860858755049
results/posthoc/family/65022960/dev_evaluation_ridge_censored_family_human_clinical.json,gentamicin,strata,other_lineages,2552,0.908307210031348,0.08032915360501568,0.011363636363636364,0.8924881403922569,0.9236219044665075,,,313,2239,0.41214057507987223,0.8491379310344828,0.09584664536741214,-1.5175718849840256,lineage_group,0.34493400031807075,0.4858608848999254,-0.4651730934742188
results/posthoc/family/65022960/dev_evaluation_xgboost_aft_family_human_clinical.json,ceftriaxone,by_reference_class,left_censored,2034,0.9857423795476893,0.0,0.014257620452310717,,,,,,,,,,,,,,
results/posthoc/family/65022960/dev_evaluation_xgboost_aft_family_human_clinical.json,ceftriaxone,by_reference_class,exact,157,0.535031847133758,0.16560509554140126,0.29936305732484075,,,,,,,,,,,,,,
results/posthoc/family/65022960/dev_evaluation_xgboost_aft_family_human_clinical.json,ceftriaxone,by_reference_class,right_censored,631,0.8605388272583201,0.13946117274167988,0.0,0.6076311627399651,0.9391312052184185,0.06086879478158145,0.39236883726003485,,,,,,,,,,
results/posthoc/family/65022960/dev_evaluation_xgboost_aft_family_human_clinical.json,ceftriaxone,strata,SLV:ST131,627,0.9138755980861244,0.03189792663476874,0.05422647527910686,0.8915470494417863,0.9362041467304625,,,60,567,0.45,0.8708133971291866,0.05,1.3,isolate (single lineage),0.32653061224489793,0.5806560592850916,-0.7154877430378169
results/posthoc/family/65022960/dev_evaluation_xgboost_aft_family_human_clinical.json,ceftriaxone,strata,other_lineages,2195,0.9380410022779043,0.0428246013667426,0.019134396355353075,0.8977240073145245,0.9689159974765341,,,97,2098,0.5876288659793815,0.9002277904328019,0.15463917525773196,-0.17525773195876287,lineage_group,0.4499903100775194,0.7551020408163265,-0.38592351037398165
results/posthoc/family/65022960/dev_evaluation_xgboost_aft_family_human_clinical.json,ciprofloxacin,by_reference_class,left_censored,1969,0.9913661757237177,0.0,0.008633824276282377,,,,,,,,,,,,,,
results/posthoc/family/65022960/dev_evaluation_xgboost_aft_family_human_clinical.json,ciprofloxacin,by_reference_class,exact,647,0.6105100463678517,0.26584234930448225,0.12364760432766615,,,,,,,,,,,,,,
results/posthoc/family/65022960/dev_evaluation_xgboost_aft_family_human_clinical.json,ciprofloxacin,by_reference_class,right_censored,1193,0.9589270746018441,0.04107292539815591,0.0,0.8621562252629198,0.9770342792623786,0.02296572073762128,0.13784377473708015,,,,,,,,,,
results/posthoc/family/65022960/dev_evaluation_xgboost_aft_family_human_clinical.json,ciprofloxacin,strata,SLV:ST131,934,0.9079229122055674,0.07494646680942184,0.017130620985010708,0.8886509635974305,0.9261241970021413,,,138,796,0.4782608695652174,0.8468950749464668,0.10869565217391304,-0.5942028985507246,isolate (single lineage),0.39567942660796734,0.5581624244643837,-0.6282585522810098
results/posthoc/family/65022960/dev_evaluation_xgboost_aft_family_human_clinical.json,ciprofloxacin,strata,other_lineages,2875,0.9193043478260869,0.052521739130434786,0.02817391304347826,0.8989183880977106,0.9384622492080253,,,509,2366,0.6463654223968566,0.8271304347826087,0.17485265225933203,-0.015717092337917484,lineage_group,0.5562265732550057,0.7388556169325291,-0.6173730118416951
results/posthoc/family/65022960/dev_evaluation_xgboost_aft_family_human_clinical.json,gentamicin,by_reference_class,left_censored,2438,0.9917965545529123,0.0,0.008203445447087777,,,,,,,,,,,,,,
results/posthoc/family/65022960/dev_evaluation_xgboost_aft_family_human_clinical.json,gentamicin,by_reference_class,exact,440,0.36818181818181817,0.5681818181818182,0.06363636363636363,,,,,,,,,,,,,,
results/posthoc/family/65022960/dev_evaluation_xgboost_aft_family_human_clinical.json,gentamicin,by_reference_class,right_censored,470,0.8872340425531915,0.1127659574468085,0.0,0.7916666666666666,0.9116479161679832,0.08835208383201681,0.20833333333333334,,,,,,,,,,
results/posthoc/family/65022960/dev_evaluation_xgboost_aft_family_human_clinical.json,gentamicin,strata,SLV:ST131,796,0.8391959798994975,0.14321608040201006,0.017587939698492462,0.8128140703517588,0.864321608040201,,,127,669,0.1968503937007874,0.7801507537688442,0.07086614173228346,-1.8818897637795275,isolate (single lineage),0.12698116560056857,0.26772005061867266,-0.6854054105141328
results/posthoc/family/65022960/dev_evaluation_xgboost_aft_family_human_clinical.json,gentamicin,strata,other_lineages,2552,0.9126175548589341,0.07405956112852664,0.013322884012539185,0.8910020579129485,0.9325896371743047,,,313,2239,0.43769968051118213,0.8503134796238244,0.08626198083067092,-1.4408945686900958,lineage_group,0.3566169345645235,0.5246443444944194,-0.44069033256620266
results/posthoc/family/65022960/scoring-65023163/evaluation_ridge_censored_family_human_clinical.json,ceftriaxone,by_reference_class,left_censored,436,0.9495412844036697,0.0,0.05045871559633028,,,,,,,,,,,,,,
results/posthoc/family/65022960/scoring-65023163/evaluation_ridge_censored_family_human_clinical.json,ceftriaxone,by_reference_class,exact,359,0.3649025069637883,0.38440111420612816,0.25069637883008355,,,,,,,,,,,,,,
results/posthoc/family/65022960/scoring-65023163/evaluation_ridge_censored_family_human_clinical.json,ceftriaxone,by_reference_class,right_censored,710,0.8676056338028169,0.1323943661971831,0.0,0.6884932935916542,0.9269648517271987,0.0730351482728013,0.3115067064083456,,,,,,,,,,
results/posthoc/family/65022960/scoring-65023163/evaluation_ridge_censored_family_human_clinical.json,ceftriaxone,strata,SLV:ST131,470,0.8680851063829788,0.06170212765957447,0.07021276595744681,0.8382978723404255,0.8957446808510638,,,87,383,0.4942528735632184,0.7510638297872341,0.13793103448275862,0.5632183908045977,isolate (single lineage),0.3888888888888889,0.6024178907410463,-0.7437864819928784
results/posthoc/family/65022960/scoring-65023163/evaluation_ridge_censored_family_human_clinical.json,ceftriaxone,strata,other_lineages,1035,0.7275362318840579,0.1961352657004831,0.07632850241545894,0.6475406567835387,0.771042942587029,,,272,763,0.3235294117647059,0.6260869565217392,0.1323529411764706,-1.3602941176470589,lineage_group,0.20508793969849246,0.4431878996385877,-1.05485703563309
results/posthoc/family/65022960/scoring-65023163/evaluation_ridge_censored_family_human_clinical.json,ciprofloxacin,by_reference_class,left_censored,602,0.9867109634551495,0.0,0.013289036544850499,,,,,,,,,,,,,,
results/posthoc/family/65022960/scoring-65023163/evaluation_ridge_censored_family_human_clinical.json,ciprofloxacin,by_reference_class,exact,260,0.49615384615384617,0.45384615384615384,0.05,,,,,,,,,,,,,,
results/posthoc/family/65022960/scoring-65023163/evaluation_ridge_censored_family_human_clinical.json,ciprofloxacin,by_reference_class,right_censored,643,0.9906687402799378,0.00933125972006221,0.0,0.9742245822964806,0.9974424552429667,0.0025575447570332483,0.02577541770351936,,,,,,,,,,
results/posthoc/family/65022960/scoring-65023163/evaluation_ridge_censored_family_human_clinical.json,ciprofloxacin,strata,SLV:ST131,470,0.9617021276595744,0.036170212765957444,0.002127659574468085,0.9446808510638298,0.9765957446808511,,,73,397,0.7945205479452054,0.8446808510638298,0.2602739726027397,-0.9452054794520548,isolate (single lineage),0.6986247010219613,0.881578947368421,-0.40594170611615843
results/posthoc/family/65022960/scoring-65023163/evaluation_ridge_censored_family_human_clinical.json,ciprofloxacin,strata,other_lineages,1035,0.8772946859903382,0.10338164251207729,0.01932367149758454,0.8267491962358883,0.9359846079409719,,,187,848,0.37967914438502676,0.8048309178743961,0.08021390374331551,-1.2727272727272727,lineage_group,0.204862480539699,0.6172850648482417,-0.5569392631108624
results/posthoc/family/65022960/scoring-65023163/evaluation_ridge_censored_family_human_clinical.json,gentamicin,by_reference_class,left_censored,1040,0.9846153846153847,0.0,0.015384615384615385,,,,,,,,,,,,,,
results/posthoc/family/65022960/scoring-65023163/evaluation_ridge_censored_family_human_clinical.json,gentamicin,by_reference_class,exact,184,0.1793478260869565,0.7771739130434783,0.043478260869565216,,,,,,,,,,,,,,
results/posthoc/family/65022960/scoring-65023163/evaluation_ridge_censored_family_human_clinical.json,gentamicin,by_reference_class,right_censored,281,0.9537366548042705,0.046263345195729534,0.0,0.8934173143491607,0.990102632214441,0.009897367785559044,0.10658268565083912,,,,,,,,,,
results/posthoc/family/65022960/scoring-65023163/evaluation_ridge_censored_family_human_clinical.json,gentamicin,strata,SLV:ST131,470,0.8829787234042553,0.08936170212765958,0.027659574468085105,0.8552659574468086,0.9106382978723404,,,56,414,0.16071428571428573,0.8595744680851064,0.08928571428571429,-1.9821428571428572,isolate (single lineage),0.06896551724137931,0.26229508196721313,-0.604475228468286
results/posthoc/family/65022960/scoring-65023163/evaluation_ridge_censored_family_human_clinical.json,gentamicin,strata,other_lineages,1035,0.8792270531400966,0.11014492753623188,0.010628019323671498,0.8481796330486042,0.9076252587991719,,,128,907,0.1875,0.8454106280193237,0.0546875,-2.453125,lineage_group,0.0993737487808634,0.3333333333333333,-0.5924247680749372
results/posthoc/family/65022960/scoring-65023163/evaluation_xgboost_aft_family_human_clinical.json,ceftriaxone,by_reference_class,left_censored,436,0.9541284403669725,0.0,0.045871559633027525,,,,,,,,,,,,,,
results/posthoc/family/65022960/scoring-65023163/evaluation_xgboost_aft_family_human_clinical.json,ceftriaxone,by_reference_class,exact,359,0.6518105849582173,0.28690807799442897,0.06128133704735376,,,,,,,,,,,,,,
results/posthoc/family/65022960/scoring-65023163/evaluation_xgboost_aft_family_human_clinical.json,ceftriaxone,by_reference_class,right_censored,710,0.8943661971830986,0.1056338028169014,0.0,0.7564460730291677,0.9411088687919535,0.05889113120804645,0.24355392697083242,,,,,,,,,,
results/posthoc/family/65022960/scoring-65023163/evaluation_xgboost_aft_family_human_clinical.json,ceftriaxone,strata,SLV:ST131,470,0.9297872340425531,0.04680851063829787,0.023404255319148935,0.9063829787234042,0.951063829787234,,,87,383,0.7701149425287356,0.19361702127659575,0.3448275862068966,-0.19540229885057472,isolate (single lineage),0.6785714285714286,0.85,-0.9341334014551442
results/posthoc/family/65022960/scoring-65023163/evaluation_xgboost_aft_family_human_clinical.json,ceftriaxone,strata,other_lineages,1035,0.8193236714975846,0.15072463768115943,0.02995169082125604,0.7673269602808761,0.8521144005618753,,,272,763,0.6139705882352942,0.43091787439613527,0.24632352941176472,-0.9705882352941176,lineage_group,0.4455051369863014,0.7413036294542049,-1.1909704875029863
results/posthoc/family/65022960/scoring-65023163/evaluation_xgboost_aft_family_human_clinical.json,ciprofloxacin,by_reference_class,left_censored,602,0.9900332225913622,0.0,0.009966777408637873,,,,,,,,,,,,,,
results/posthoc/family/65022960/scoring-65023163/evaluation_xgboost_aft_family_human_clinical.json,ciprofloxacin,by_reference_class,exact,260,0.7192307692307692,0.25384615384615383,0.026923076923076925,,,,,,,,,,,,,,
results/posthoc/family/65022960/scoring-65023163/evaluation_xgboost_aft_family_human_clinical.json,ciprofloxacin,by_reference_class,right_censored,643,0.9782270606531882,0.02177293934681182,0.0,0.942159683022145,0.9881658748610129,0.011834125138987163,0.05784031697785488,,,,,,,,,,
results/posthoc/family/65022960/scoring-65023163/evaluation_xgboost_aft_family_human_clinical.json,ciprofloxacin,strata,SLV:ST131,470,0.9276595744680851,0.06382978723404255,0.00851063829787234,0.902127659574468,0.951063829787234,,,73,397,0.6301369863013698,0.8297872340425532,0.0821917808219178,-1.2602739726027397,isolate (single lineage),0.5189756211908111,0.7391866566716638,-0.42806517025296376
results/posthoc/family/65022960/scoring-65023163/evaluation_xgboost_aft_family_human_clinical.json,ciprofloxacin,strata,other_lineages,1035,0.9429951690821256,0.04830917874396135,0.008695652173913044,0.9137910654601777,0.9622644744674793,,,187,848,0.7540106951871658,0.8154589371980676,0.1443850267379679,-1.053475935828877,lineage_group,0.593000305997552,0.839041095890411,-0.5498482201165731
results/posthoc/family/65022960/scoring-65023163/evaluation_xgboost_aft_family_human_clinical.json,gentamicin,by_reference_class,left_censored,1040,0.989423076923077,0.0,0.010576923076923078,,,,,,,,,,,,,,
results/posthoc/family/65022960/scoring-65023163/evaluation_xgboost_aft_family_human_clinical.json,gentamicin,by_reference_class,exact,184,0.27717391304347827,0.6793478260869565,0.043478260869565216,,,,,,,,,,,,,,
results/posthoc/family/65022960/scoring-65023163/evaluation_xgboost_aft_family_human_clinical.json,gentamicin,by_reference_class,right_censored,281,0.9822064056939501,0.017793594306049824,0.0,0.9516129032258065,0.9945069875776398,0.005493012422360249,0.04838709677419355,,,,,,,,,,
results/posthoc/family/65022960/scoring-65023163/evaluation_xgboost_aft_family_human_clinical.json,gentamicin,strata,SLV:ST131,470,0.8914893617021277,0.08723404255319149,0.02127659574468085,0.8638297872340426,0.9191489361702128,,,56,414,0.19642857142857142,0.8617021276595744,0.07142857142857142,-1.4821428571428572,isolate (single lineage),0.09802725968436155,0.3023255813953488,-0.5594493403804218
results/posthoc/family/65022960/scoring-65023163/evaluation_xgboost_aft_family_human_clinical.json,gentamicin,strata,other_lineages,1035,0.9053140096618357,0.08599033816425121,0.008695652173913044,0.8608538497270932,0.9328166745245953,,,128,907,0.3125,0.8570048309178744,0.078125,-1.8828125,lineage_group,0.12195121951219512,0.48780975609756094,-0.5692718532916404
